Location,Call#,Author,Title,Barcode,Last Checkin,YTD Circ,LY Circ,Holds,Date Billed,Bib#
b,GAME SWITCH COBRA KAI,,Cobra Kai : the karate kid saga continues.,1001391010,02/27/26,0,6,0,06/15/26,b3453009a
b,J BOARD 123,"Hegarty, Patricia, http://id.loc.gov/authorities/names/nr2005009807 author.",123s of thankfulness,1001424771,01/13/26,0,4,0,06/09/26,b2596309a
b,J E DISNEY LILO,"Edwards, John, 1970- https://id.loc.gov/authorities/names/no2014096107 author.",Stitch goes to school,1001513756,01/20/26,0,4,0,06/02/26,b2787941a
b,J GN PEIRCE BIG NATE,"Peirce, Lincoln, https://id.loc.gov/authorities/names/n91110631 author, artist.",Big Nate. The gerbil ate my homework,1001405051,01/21/26,0,2,0,06/10/26,b2597044a
bfol,BKM 158.1 WE,,We can do hard things : answers to life's 20 questions,1001504770,01/20/26,0,3,0,06/06/26,b3473561a
bfol,BKM J 794.85 MINECRAFT MCBRIEN,"McBrien, Thomas, https://id.loc.gov/authorities/names/no2020111980 author.",Minecraft. Guide to survival,1001450011,01/10/26,0,5,0,06/01/26,b3166581a
bfol,BKM J 794.85 MINECRAFT MILLER,"Miller, Megan, 1963- http://id.loc.gov/authorities/names/no2015090270",Hacks for Minecrafters. Master builder : the unofficial guide to tips and tricks that other guides won't teach you,1001399396,02/13/25,0,1,0,06/01/26,b2393014a
bfol,BKM J 794.85 MINECRAFT MOJANG,,Minecraft. Guide to Redstone,1001454192,01/18/26,0,5,0,06/01/26,b3191268a
bfol,BKM J BOARD CHARACTER BLUEY,,Bluey. Meet Bluey's family.,1001499811,01/20/26,0,3,0,06/05/26,b3465830a
bfol,BKM J BOARD REAL WORLD,"Everett, Elizabeth, 1978- https://id.loc.gov/authorities/names/n2022037161 author.","Twinkle, twinkle, nighttime sky : a skytime book",1001492654,11/07/25,0,5,0,06/05/26,b3462194a
bfol,BKM J BOARD SOUND,,Old MacDonald had a farm,1001515318,01/22/26,0,6,0,06/05/26,b3470805a
bfol,BKM J BOARD TOUCH & FEEL,"Arrhenius, Ingela P., 1967- http://id.loc.gov/authorities/names/n2014008039 illustrator.",Where's the T. Rex?,1001457109,12/16/25,0,7,0,06/05/26,b2597307a
bfol,BKM J BOARD TOUCH & FEEL,"Davies, Benji, http://id.loc.gov/authorities/names/nb2005011779 author.",Bizzy Bear : zookeeper,1001512845,10/09/25,0,4,1,06/09/26,b3087657a
bfol,BKM J BOARD VEHICLE,"Redwing, Jack, author.",Peek-a-flap dirt,1001528569,11/04/25,0,3,0,06/15/26,b3471652a
bfol,BKM J E BLUEY,,Bluey. Mini Bluey.,1001512812,01/20/26,0,5,0,06/01/26,b3459859a
bfol,BKM J E BLUEY,,Bluey. Swim school.,1001528674,01/20/26,0,4,0,06/01/26,b3460247a
bfol,BKM J FIRST KING SECRET BK. 13,"King, SJ, https://id.loc.gov/authorities/names/no2020078384 author.",The Secret Explorers and the sunken treasure,1001496512,02/08/26,0,6,0,06/22/26,b3454240a
bfol,BKM J GN GREEN INVESTIGATORS V. 7,"Green, John Patrick, 1975- https://id.loc.gov/authorities/names/n2012034235 author, illustrator.","InvestiGators. 7, All tide up",1001450768,12/21/25,0,5,0,06/05/26,b3453058a
bfol,BKM J GN MARTIN BABY-SITTERS V. 2,"Telgemeier, Raina, http://id.loc.gov/authorities/names/no2003021721 author, artist.","The baby-sitters club. 2, The truth about Stacey : a graphic novel",1001460854,09/07/25,0,2,0,06/27/26,b1516541a
bfol,BKM J GN MARTIN BABY-SITTERS V. 6,"Martin, Ann M., 1955- http://id.loc.gov/authorities/names/n83163737 author.","The Baby-sitters club. 6, Kristy's big day : a graphic novel",1001487798,02/08/25,0,1,0,06/27/26,b2211879a
bfol,BKM J GN MILLER CLICK V. 2,"Miller, Kayla, http://id.loc.gov/authorities/names/nb2018008317 author, illustrator.",Camp,1001506098,04/11/26,0,4,0,06/27/26,b2352109a
bfol,BKM J GN PEIRCE BIG NATE,"Peirce, Lincoln, https://id.loc.gov/authorities/names/n91110631 author, artist.",Big Nate. Nailed it!,1001420960,01/21/26,0,2,0,06/05/26,b3327057a
bfol,BKM J GN TARSHIS I SURVIVED V. 12,"Ball, Georgia, author. aut http://id.loc.gov/vocabulary/relators/aut https://id.oclc.org/worldcat/entity/E39PCjC4d49W8PXYVCWb8TYjcq","I survived the Japanese Tsunami, 2011 : the graphic novel",1001598697,01/23/26,0,2,2,06/05/26,b3474956a
bfol,BKM J P LANG,"Lang, Suzanne https://id.loc.gov/authorities/names/n2014026789 https://id.oclc.org/worldcat/entity/E39PBJmDgYdxXckM6Qg7MKxRrq., author.",Grumpy monkey play all day,1001500182,12/10/25,0,5,0,06/01/26,b3465648a
bfol,BKM J P LONG READ-ALONG,"Long, Loren, author, illustrator. https://id.oclc.org/worldcat/entity/E39PBJrWwDjdKwYvcXY7kpHXBP",The yellow bus,1001411128,01/06/26,0,7,0,06/15/26,b3472223a
mav,MUSIC ROCK DOORS,"Doors (Musical group), http://id.loc.gov/authorities/names/n81014131 performer.",The Doors.,1000635270,09/16/25,0,2,0,06/23/26,b1333332a
mav,MUSIC ROCK HOLLY,"Holly, Buddy, 1936-1959. http://id.loc.gov/authorities/names/n83147684",The Buddy Holly collection : 50 classic recordings.,1001187712,01/09/26,0,3,0,06/23/26,b1527609a
mav,MUSIC WORLD AFRICA ABDULLAH,"Abdullah Mussa Ahmed, 1943- http://id.loc.gov/authorities/names/n94031252 performer.",Taarab 1 : the music of Zanzibar,1001269066,12/11/25,0,2,0,06/13/26,b1575782a
mavn,MUSIC POP HORAN,"Horan, Niall, 1993- https://id.loc.gov/authorities/names/no2013089404 composer, performer.",The show : the encore,1001484117,06/23/26,0,3,0,06/23/26,b3463902a
mavn,MUSIC POP LIPA,"Lipa, Dua, 1995- https://id.loc.gov/authorities/names/no2017086477 composer, performer.",Radical optimism,1001484211,06/23/26,0,7,0,06/23/26,b3463901a
mavn,MUSIC POP SWIFT,"Swift, Taylor, 1989- https://id.loc.gov/authorities/names/no2007053238 composer, performer.",The tortured poets department,1001484151,06/23/26,0,3,0,06/23/26,b3463904a
mavn,MUSIC SOUNDTRACK MOVIE COMPLETE,,A complete unknown : original motion picture soundtrack.,1001547969,06/23/26,0,4,1,06/23/26,b3472360a
mavn,MUSIC SOUNDTRACK MOVIE STOP OVERSIZE,"Talking Heads (Musical group), performer.",Stop making sense : music from a film by Jonathan Demme and Talking Heads,1001410359,06/23/26,0,4,0,06/23/26,b3469527a
mbio,941.086 HARRY,"Harry, Prince, Duke of Sussex, 1984- https://id.loc.gov/authorities/names/n00140230 author.",Spare,1001420957,12/04/25,0,2,0,06/13/26,b3327639a
mblu,BLU-RAY NIGHTMARE,,Nightmare alley,1001480518,11/09/25,0,3,0,06/13/26,b3087714a
mdvd,DVD FAST-1,,The fast and the furious,1001143659,08/18/25,0,2,0,06/03/26,b1252568a
mdvd,DVD FAST-10.1,,Fast X,1001482995,03/21/26,0,8,0,06/03/26,b3454999a
mdvd,DVD FAST-2,,2 fast 2 furious,1001221608,08/07/25,0,2,0,06/03/26,b1484800a
mdvd,DVD FAST-3,,The fast and the furious. Tokyo drift,1001221785,11/04/25,0,3,0,06/03/26,b1484804a
mdvd,DVD FAST-4,,Fast & furious,1001221601,03/24/26,0,5,0,06/03/26,b1484802a
mdvd,DVD FAST-5,,Fast five,1001173606,11/04/25,0,6,0,06/03/26,b1423057a
mdvd,DVD FAST-6,,Fast & furious 6,1001217824,03/21/26,0,7,0,06/03/26,b1462797a
mdvd,DVD FAST-7,,Furious 7,1001270324,12/07/25,0,5,0,06/03/26,b1517010a
mdvd,DVD FAST-8,,The fate of the furious,1001285568,08/22/25,0,2,0,06/03/26,b1582691a
mdvd,DVD FAST-9,,F9,1001479787,03/21/26,0,3,0,06/03/26,b2823314a
mdvd,DVD INTERSTELLAR,,Interstellar,1001266182,05/01/26,0,4,0,06/17/26,b1508201a
mdvd,DVD MAD MAX,,Mad Max,1001269926,12/10/25,0,3,0,06/03/26,b1517445a
mdvd,DVD MAD MAX,,Mad Max. Fury road,1001269563,04/08/26,0,5,0,06/03/26,b1517447a
mdvd,DVD MATRIX,,Matrix reloaded,1001146766,05/22/25,0,1,0,06/03/26,b1272613a
mdvd,DVD MATRIX,,The matrix revolutions,1001104582,07/17/25,0,2,0,06/03/26,b1281687a
mdvdf,DVD ITALIAN NOSTALGHIA,,Nostalghia,1001482839,11/27/23,0,1,0,06/11/26,b3453631a
mdvdf,DVD ITALIAN SUBURRA,,Suburra,1001483461,12/09/24,0,1,0,06/11/26,b3459137a
mdvs,DVD SIMPSONS-17 SET,,The Simpsons. Seventeenth season,1001282879,02/05/26,0,3,0,06/03/26,b1565746a
mfic,FICTION CHEN,"Chen, Mike, https://id.loc.gov/authorities/names/no2019020723 author.",A quantum love story : a novel,1001491720,04/15/25,0,1,0,06/13/26,b3458701a
mfic,FICTION CHESTERTON,"Chesterton, G. K. (Gilbert Keith), 1874-1936. http://id.loc.gov/authorities/names/n79021157",The Napoleon of Notting Hill,1001011741,01/17/26,0,2,0,06/13/26,b1133060a
mfic,FICTION DERMANSKY,"Dermansky, Marcy, 1969- author. https://id.oclc.org/worldcat/entity/E39PBJpJfypYvWP6B9khh8MHG3",Hot air : a novel,1001515016,09/14/25,0,1,0,06/13/26,b3470008a
mfic,FICTION FAWCETT EMILY BK. 3,"Fawcett, Heather (Heather M.), author. https://id.oclc.org/worldcat/entity/E39PCjDHm3xDQFVrqFFd8gXMmq",Emily Wilde's compendium of lost tales : a novel,1001513408,01/20/26,0,5,0,06/13/26,b3468923a
mfic,FICTION FLEET,"Fleet, Rebecca, http://id.loc.gov/authorities/names/n2018020445 author.",The second wife,1001417928,03/19/25,0,1,0,06/15/26,b2582451a
mfic,FICTION GARCIA MARQUEZ,"García Márquez, Gabriel, 1927-2014. http://id.loc.gov/authorities/names/n79063441",One hundred years of solitude,1000697280,04/09/26,0,4,0,06/27/26,b1284044a
mfic,FICTION HARKNESS ALL SOULS BK. 1,"Harkness, Deborah, 1965- http://id.loc.gov/authorities/names/n98074390",A discovery of witches,1001496858,11/18/25,0,2,0,06/06/26,b1414698a
mfic,FICTION HENDRICKS,"Hendricks, Greer, http://id.loc.gov/authorities/names/n2017060125 author.",The golden couple,1001441969,06/01/25,0,1,0,06/15/26,b2905104a
mfic,FICTION KENDAL,"Kendal, Claire, http://id.loc.gov/authorities/names/n2013059429 author.",I spy,1001372391,01/30/26,0,2,0,06/15/26,b2362393a
mfic,FICTION MANN,"Mann, Thomas, 1875-1955. http://id.loc.gov/authorities/names/n78095625",Death in Venice and other tales,1001249565,12/02/25,0,2,0,06/13/26,b1517277a
mfic,FICTION MANN,"Mann, Thomas, 1875-1955. http://id.loc.gov/authorities/names/n78095625",The magic mountain : a novel,1001380870,12/19/25,0,3,1,06/13/26,b2335479a
mfic,FICTION MCDERMID ALLIE BURNS BK. 1,"McDermid, Val, https://id.loc.gov/authorities/names/n88157545 author.",1979 : an Allie Burns novel,1001398313,12/22/22,0,1,0,06/05/26,b2788177a
mfic,FICTION MCDERMID ALLIE BURNS BK. 2,"McDermid, Val, https://id.loc.gov/authorities/names/n88157545 author.",1989 : an Allie Burns novel,1001447397,09/18/23,0,1,0,06/05/26,b3192913a
mfic,FICTION MCFADDEN,"McFadden, Freida, https://id.loc.gov/authorities/names/no2014157997 author.",The inmate,1001466711,01/18/26,0,7,0,06/13/26,b3460299a
mfolb,641.5636 VORA,"Vora, Nisha https://id.loc.gov/authorities/names/no2019005200 https://id.oclc.org/worldcat/entity/E39PCjBqgtfDB6MBX7rgdPKCBd., author.",Big vegan flavor : techniques and 150 recipes to master vegan cooking,1001492972,06/23/26,0,3,0,06/23/26,b3466411a
mfolb,FICTION KING,"King, Stephen, 1947- author. https://id.oclc.org/worldcat/entity/E39PBJdgVCJpMKHYMtkmw6v4MP",Never flinch : a novel,1001517979,02/17/26,0,6,0,06/11/26,b3471123a
mfolb,FICTION WINSTEAD,"Winstead, Ashley, author. https://id.oclc.org/worldcat/entity/E39PCjDC4CkTxtpkG6YdbCBCYq",This book will bury me : a novel,1001503910,01/29/26,0,5,0,06/25/26,b3470117a
mgame,GAME PS5 PGA TOUR,,EA sports PGA tour : road to the masters.,1001393227,07/24/25,0,3,0,06/01/26,b3450756a
mgame,GAME PS5 WWE 2K25,,WWE 2K25,1001410981,06/23/26,0,4,0,06/23/26,b3472442a
mgame,GAME SWITCH MARIO PARTY JAMBOREE,,Super Mario party jamboree,1001412081,04/25/26,0,8,4,06/20/26,b3476062a
mgame,GAME SWITCH MARIO PARTY SUPERSTARS,,Mario party superstars.,1001181001,04/01/26,0,7,1,06/17/26,b2859231a
mgame,GAME SWITCH ZELDA BREATH,,The legend of Zelda. Breath of the wild.,1001103583,04/29/26,0,9,1,06/27/26,b1584664a
mgame,GAME SWITCH ZELDA SKYWARD,,The legend of Zelda. Skyward sword HD.,1001391740,05/09/26,0,8,0,06/27/26,b2820646a
mgame,GAME SWITCH-2 MARIO KART,,Mario Kart world.,1001412026,03/28/26,0,9,1,06/17/26,b3475335a
mgame,GAME XBOX ONE CYBERPUNK 2077,,Cyberpunk 2077.,1001390969,12/18/25,0,4,0,06/11/26,b2711253a
mgame,GAME XBOX ONE ELDER 5,,The elder scrolls V: Skyrim.,1001355300,12/06/25,0,2,0,06/11/26,b1603893a
mgame,GAME XBOX SERIES X CALL MODERN III,,Call of duty. Modern warfare III.,1001317638,05/24/25,0,1,0,06/11/26,b3462733a
mjbin,J BIN,,Peppa's cruise vacation.,1001513655,03/08/26,0,6,1,06/01/26,b3466814a
mjbin,J BIN,"Bouchard, Natasha, author.",Lightyear. Mission : teamwork,1001411724,01/11/26,0,5,0,06/04/26,b3472936a
mjbin,J BIN,"Capucilli, Alyssa Satin, 1957- http://id.loc.gov/authorities/names/n92086919 author.",Biscuit and the little llamas,1001510100,01/03/26,0,4,0,06/01/26,b2693858a
mjbin,J BIN,"Dunrea, Olivier, author, illustrator. https://id.oclc.org/worldcat/entity/E39PBJhXcqkhMvyMR3kxbtDcyd",Gossie,1001515503,01/10/26,0,5,0,06/11/26,b3472330a
mjbin,J BIN,"Gant, Lainee, adapter.",You can be a teacher,1001517078,02/05/26,0,4,0,06/18/26,b3472326a
mjbin,J BIN,"Illera Martínez, Susana, author. https://id.oclc.org/worldcat/entity/E39PCjC9dyKYJgykdDCChJVRGb",Snow White,1001411708,03/09/26,0,6,0,06/01/26,b3472928a
mjbin,J BIN,"Lee, Anthony J., author.",This is Hulk,1001510133,01/07/26,0,7,0,06/03/26,b3472345a
mjbin,J BIN,"Smith, Danna https://id.loc.gov/authorities/names/no2005082779 https://id.oclc.org/worldcat/entity/E39PCjyHBQ8RhRjJwPfY9MGHvd., author.",The colors of fall,1001517739,01/30/26,0,7,0,06/25/26,b3466776a
mjbio,J 338.7688 KNIGHT,"Knight, Philip H., 1938- http://id.loc.gov/authorities/names/n91096130 author.",Shoe dog : a memoir by the creator of Nike,1001432743,05/01/26,0,3,1,06/27/26,b1600074a
mjbio,J 509.22 COLLECTED STABLER,"Stabler, David, http://id.loc.gov/authorities/names/no2014146131 author.",Kid scientists : true tales of childhood from science superstars,1001369260,01/05/26,0,2,0,06/02/26,b2264408a
mjbio,J 781.6409 SELENA BISANTZ,"Bisantz, Kate, http://id.loc.gov/authorities/names/n2018027856 author.",Who was Selena?,1001335396,05/18/25,0,1,0,06/02/26,b2212105a
mjbio,J 796.342 WILLIAMS BUCKLEY,"Buckley, James, Jr., 1963- http://id.loc.gov/authorities/names/n2002038095 author.",Who are Venus and Serena Williams?,1001321345,02/15/25,0,1,0,06/02/26,b1600832a
mjbio,J 973.7092 LINCOLN ADLER,"Adler, David A. http://id.loc.gov/authorities/names/n79103734",Honest Abe Lincoln : easy-to-read stories about Abraham Lincoln,1001120016,08/30/25,0,1,0,06/20/26,b1382643a
mjbrd,J BOARD A,"Abery, Julie, https://id.loc.gov/authorities/names/n2018032821 author.",Little Tiger,1001401893,01/17/26,0,4,0,06/27/26,b2458703a
mjbrd,J BOARD A,"Andreae, Giles, 1966- http://id.loc.gov/authorities/names/n96077284",Giraffes can't dance,1001426727,01/31/26,0,5,0,06/27/26,b1474834a
mjbrd,J BOARD B,"Boynton, Sandra, https://id.loc.gov/authorities/names/n78064183 author, illustrator.",Oh my oh my oh dinosaurs!,1001462303,12/23/25,0,4,0,06/01/26,b3296095a
mjbrd,J BOARD C,"Contraire, Bastien, http://id.loc.gov/authorities/names/no2016132344 author, illustrator.",Food hide and sneak,1001439706,12/20/25,0,6,0,06/15/26,b3062211a
mjbrd,J BOARD CHARACTER DISNEY,"Disney Enterprises, Inc. (COR)","Anna, Elsa, and friends.",1001467006,02/12/26,0,5,0,06/27/26,b3457958a
mjbrd,J BOARD CHARACTER DISNEY,"Miller, Sara (Sara F.), http://id.loc.gov/authorities/names/n2012022703 author.",Baby animals,1001465049,02/03/26,0,7,0,06/23/26,b2380173a
mjbrd,J BOARD CHARACTER MAX & RUBY,"Wells, Rosemary, https://id.loc.gov/authorities/names/n80007810 author, illustrator.",Bunny cakes,1001496767,02/09/26,0,4,0,06/27/26,b3467866a
mjbrd,J BOARD CHARACTER PJ MASKS,"Cregg, R. J., http://id.loc.gov/authorities/names/no2016133567 author.",Meet Catboy!,1001448660,02/08/26,0,5,0,06/27/26,b2335045a
mjbrd,J BOARD CHARACTER PJ MASKS,"Pendergrass, Daphne, http://id.loc.gov/authorities/names/no2015009504 author.","Go, go, Gekko-Mobile!",1001601475,02/07/26,0,2,0,06/27/26,b2993597a
mjbrd,J BOARD CHARACTER PJ MASKS,"Shaw, Natalie, http://id.loc.gov/authorities/names/no2009196005 adaptor.",Meet Gekko!,1001460361,01/31/26,0,6,0,06/22/26,b2335046a
mjbrd,J BOARD CHARACTER SPOT,"Hill, Eric, 1927-2014, http://id.loc.gov/authorities/names/nb2003057236 author.",Spot loves bedtime,1001294264,04/23/26,0,8,0,06/22/26,b1525999a
mjbrd,J BOARD CHARACTER SPOT,"Hill, Eric, 1927-2014. http://id.loc.gov/authorities/names/nb2003057236",Spot goes to the farm,1001384124,01/31/26,0,4,0,06/15/26,b2335054a
mjbrd,J BOARD CONCEPT COLORS,"Baker, Keith, 1953- http://id.loc.gov/authorities/names/n86036943",Little green peas : a big book of colors,1001599580,,0,1,0,06/09/26,b1568572a
mjbrd,J BOARD GROWING,"Ford, Bernette G., https://id.loc.gov/authorities/names/no92011183 author.",Life's little lessons. Bye-bye bottle,1001492866,10/25/25,0,2,0,06/13/26,b3460188a
mjbrd,J BOARD GROWING,"Loney, Andrea J., author.",Big emotions (bubble up),1001512426,01/03/26,0,6,0,06/13/26,b3468175a
mjbrd,J BOARD GROWING,"Osakwe, Leah, https://id.loc.gov/authorities/names/no2024014057 author.",Let's be brave,1001485886,01/05/26,0,4,0,06/13/26,b3462489a
mjbrd,J BOARD REAL WORLD,"Fabrizio, Alex, http://id.loc.gov/authorities/names/n2013065159 author.",Geography,1001420332,01/12/26,0,4,0,06/27/26,b2582365a
mjbrd,J BOARD REAL WORLD,"McDonald, Jill (Jill McDonald-Gomez), http://id.loc.gov/authorities/names/no2016030622 author, illustrator.",On the farm,1001402932,03/12/26,0,6,0,06/01/26,b2820900a
mjbrd,J BOARD REAL WORLD,"McDonald, Jill (Jill McDonald-Gomez), http://id.loc.gov/authorities/names/no2016030622 author, illustrator.",Solar system,1001460661,02/07/26,0,6,0,06/27/26,b1579769a
mjbrd,J BOARD REAL WORLD,"Paige, Tabitha, https://id.loc.gov/authorities/names/no2022066388 author, artist.",Our little adventure to the farmers market,1001465258,04/20/26,0,5,1,06/24/26,b3452364a
mjbrd,J BOARD REAL WORLD,"Sriram, Meera, https://id.loc.gov/authorities/names/n2009200312 author.",India,1001531835,02/11/26,0,2,0,06/27/26,b3450815a
mjbrd,J BOARD SIGN,,Five little ducks,1001242098,01/25/26,0,4,0,06/16/26,b1473926a
mjbrd,J BOARD SONG & RHYME,"Cabrera, Jane, http://id.loc.gov/authorities/names/n96019440 author, illustrator.",Old MacDonald had a farm,1001400403,02/03/26,0,3,0,06/27/26,b2447875a
mjbrd,J BOARD SONG & RHYME,"Kubler, Annie, 1960- http://id.loc.gov/authorities/names/n89115702 illustrator.","Zoom, zoom, zoom!",1001402346,01/26/26,0,5,0,06/13/26,b2405415a
mjbrd,J BOARD SOUND,,Noisy baby animals! : 10 baby animal sounds.,1001532656,03/19/26,0,4,0,06/09/26,b3476640a
mjbrd,J BOARD SOUND,"Walden, Libby, author.",Noisy things that go,1001499732,03/21/26,0,11,2,06/13/26,b3468371a
mjbrd,J BOARD TOUCH & FEEL,"Davies, Benji, http://id.loc.gov/authorities/names/nb2005011779 author, illustrator.",Bizzy Bear : soccer player,1001514245,03/29/26,0,6,0,06/20/26,b2712160a
mjbrd,J BOARD TOUCH & FEEL,"Edwards, Nicola, http://id.loc.gov/authorities/names/n2003004573 author.",Bear & mouse : time for bed,1001436715,01/27/26,0,4,0,06/15/26,b2993620a
mjbrd,J BOARD TOUCH & FEEL,"Martin, Bill, 1916-2004.",Chicka chicka you you : a mirror book.,1001602018,,0,1,0,06/27/26,b3479619a
mjbrd,J BOARD VEHICLE,"Cuyler, Margery, https://id.loc.gov/authorities/names/n79132001 author.",The little fire truck,1001451167,01/30/26,0,6,0,06/15/26,b3192768a
mjbrd,J BOARD VEHICLE,"Sayres, Brianna Caplan, http://id.loc.gov/authorities/names/n2010037059 author.",Where do jet planes sleep at night?,1001534849,02/04/26,0,3,0,06/22/26,b2290478a
mjbrd,J BOARD VEHICLE,"Schertle, Alice. http://id.loc.gov/authorities/names/n79076696",Little Blue Truck,,05/01/26,0,6,0,06/22/26,b1385148a
mjbrd,J BOARD W,"Wan, Joyce. http://id.loc.gov/authorities/names/n2008067741",We belong together,1001164522,12/30/25,0,4,0,06/27/26,b1429431a
mjcd,J MUSIC SOUNDTRACK MOVIE HARRY,,Harry Potter and the chamber of secrets : original motion picture soundtrack,1000709846,04/24/25,0,1,1,06/20/26,b1286255a
mjdvd,J DVD BARBIE,,Barbie. A fairy secret,1001221014,01/19/26,0,2,0,06/17/26,b1415922a
mjef,J E BOB STAGE 1,"Charlesworth, Liza, https://id.loc.gov/authorities/names/n2004007440 author.",Bob books. Phonics for early readers,1001497822,04/16/26,0,5,1,06/06/26,b3465131a
mjef,J E BURNELL UNICORN BK. 4,"Burnell, Heather Ayris, http://id.loc.gov/authorities/names/no2010160740 author.",Unicorn and Yeti. Cheer up,1001417657,04/18/26,0,7,0,06/09/26,b2659741a
mjef,J E DERTING,"Derting, Kimberly, https://id.loc.gov/authorities/names/n2009071026 author.",Libby loves science. States of matter,1001462455,03/02/26,0,9,0,06/20/26,b3461447a
mjef,J E MCCLINTOCK,"McClintock, Marshall, 1906-1967. http://id.loc.gov/authorities/names/n50014828",A fly went by,1001399553,06/23/26,0,2,0,06/23/26,b1052227a
mjef,J E MINDEN,"Minden, Cecilia, http://id.loc.gov/authorities/names/n2004034943 author.",Max kicks the ball,1001432006,01/31/26,0,3,0,06/20/26,b2787930a
mjef,J E THOMAS,,Henry in the dark.,1001322172,01/24/26,0,6,0,06/13/26,b1581104a
mjef,J E THOMAS,,Thomas goes fishing,1001528880,01/26/26,0,5,0,06/13/26,b3474709a
mjef,J E UNI,"Ransom, Candice F., 1952- author.",Uni the unicorn. Uni goes to school,1001419771,11/22/25,0,4,0,06/02/26,b2659699a
mjef,J E WILLEMS ELEPHANT,"Willems, Mo, http://id.loc.gov/authorities/names/n2002115023 author, illustrator.",Waiting is not easy!,1001431461,04/25/26,0,7,0,06/24/26,b1480301a
mjef,J E WILLEMS ELEPHANT,"Willems, Mo. http://id.loc.gov/authorities/names/n2002115023",My new friend is so fun!,1001376821,01/25/26,0,7,0,06/09/26,b1466933a
mjff,J FIRST CITRO ZOEY BK. 1,"Citro, Asia, http://id.loc.gov/authorities/names/n2014062767 author.",Zoey and Sassafras. Dragons and marshmallows,1001432554,02/03/26,0,5,0,06/22/26,b1578942a
mjff,J FIRST CITRO ZOEY BK. 10,"Citro, Asia https://id.loc.gov/authorities/names/n2014062767 https://id.oclc.org/worldcat/entity/E39PCjF4hqBcW6yhfWByykQT9C., author.",Zoey and Sassafras. Gnomes and sneezes,1001510396,08/23/25,0,2,0,06/22/26,b3466221a
mjff,J FIRST CITRO ZOEY BK. 2,"Citro, Asia, http://id.loc.gov/authorities/names/n2014062767 author.",Zoey and Sassafras. Monsters and mold,1001446687,02/03/26,0,3,0,06/22/26,b1586080a
mjff,J FIRST CITRO ZOEY BK. 3,"Citro, Asia, http://id.loc.gov/authorities/names/n2014062767 author.",Zoey and Sassafras. Merhorses and bubbles,1001423228,01/02/26,0,5,0,06/22/26,b1586078a
mjff,J FIRST CITRO ZOEY BK. 4,"Citro, Asia, http://id.loc.gov/authorities/names/n2014062767 author.",Zoey and Sassafras. Caterflies and ice,1001452685,02/02/26,0,4,0,06/22/26,b1586064a
mjff,J FIRST CITRO ZOEY BK. 5,"Citro, Asia, http://id.loc.gov/authorities/names/n2014062767 author.",Zoey and Sassafras. The pod and the bog,1001446715,02/02/26,0,3,0,06/22/26,b2392446a
mjff,J FIRST CITRO ZOEY BK. 6,"Citro, Asia, http://id.loc.gov/authorities/names/n2014062767 author.",Zoey and Sassafras. Unicorns and germs,1001378313,01/03/26,0,4,0,06/22/26,b2392461a
mjff,J FIRST CITRO ZOEY BK. 7,"Citro, Asia, http://id.loc.gov/authorities/names/n2014062767 author.",Zoey and Sassafras. Grumplets and pests,1001433902,01/03/26,0,3,0,06/22/26,b2624831a
mjff,J FIRST CITRO ZOEY BK. 8,"Citro, Asia, http://id.loc.gov/authorities/names/n2014062767 author.",Zoey and Sassafras. Bips and roses,1001428660,01/03/26,0,3,0,06/22/26,b2624828a
mjff,J FIRST CITRO ZOEY BK. 9,"Citro, Asia, http://id.loc.gov/authorities/names/n2014062767 author.",Zoey and Sassafras. Wishypoofs and hiccups,1001462018,01/02/26,0,5,0,06/22/26,b2823420a
mjff,J FIRST COVEN HENRY BK. 15,"Coven, Wanda, https://id.loc.gov/authorities/names/n2011035800 author.",Henry Heckelbeck does not need a sitter,1001489495,01/25/26,0,5,0,06/20/26,b3461842a
mjff,J FIRST COVEN LUCY BK. 5,"Coven, Willow, author. http://id.loc.gov/rwo/agents/no2024073926",Lucy Lancaster it's Opposite Day!,1001599605,02/02/26,0,2,0,06/20/26,b3478724a
mjff,J FIRST DICAMILLO MERCY BK. 3,"DiCamillo, Kate, author.",Mercy Watson fights crime,1001411580,03/17/26,0,3,0,06/13/26,b3472125a
mjff,J FIRST DICAMILLO MERCY BK. 5,"DiCamillo, Kate. http://id.loc.gov/authorities/names/n99039887",Mercy Watson thinks like a pig,1001388061,01/17/26,0,3,0,06/03/26,b1355991a
mjff,J FIRST ELLIOTT OWL BK. 1,"Elliott, Rebecca, http://id.loc.gov/authorities/names/nr2004032955 author.",Owl diaries. Eva's treetop festival,1001368653,01/22/26,0,3,0,06/06/26,b1509891a
mjff,J FIRST ELLIOTT OWL BK. 10,"Elliott, Rebecca, https://id.loc.gov/authorities/names/nr2004032955 author.",Owl diaries. Eva and Baby Mo,1001383975,01/13/26,0,6,0,06/06/26,b2324129a
mjff,J FIRST ELLIOTT UNICORN BK. 6,"Elliott, Rebecca, http://id.loc.gov/authorities/names/nr2004032955 author, illustrator.",Unicorn diaries : storm on Snowbelle Mountain,1001435619,04/28/26,0,6,0,06/22/26,b2905293a
mjff,J FIRST FLINTHAM PRESS START BK. 1,"Flintham, Thomas, http://id.loc.gov/authorities/names/n2010077355 author, illustrator.","Game over, Super Rabbit Boy!",1001603074,,0,1,0,06/20/26,b1577949a
mjff,J FIRST FLINTHAM PRESS START BK. 2,"Flintham, Thomas, http://id.loc.gov/authorities/names/n2010077355 author, illustrator.",Super Rabbit Boy powers up!,1001530304,02/03/26,0,4,0,06/22/26,b1598999a
mjff,J FIRST FLINTHAM PRESS START BK. 4,"Flintham, Thomas, http://id.loc.gov/authorities/names/n2010077355 author, illustrator.",Super Rabbit Boy vs. Super Rabbit Boss!,1001383794,02/08/26,0,6,0,06/22/26,b2181987a
mjff,J FIRST FLINTHAM PRESS START BK. 5,"Flintham, Thomas, http://id.loc.gov/authorities/names/n2010077355 author, illustrator.",Super Rabbit Boy blasts off!,1001530224,02/03/26,0,4,0,06/22/26,b1603321a
mjff,J FIRST FLINTHAM PRESS START BK. 6,"Flintham, Thomas, http://id.loc.gov/authorities/names/n2010077355 author, illustrator.",The super side-quest test!,1001530290,02/06/26,0,6,0,06/22/26,b2324931a
mjff,J FIRST MINECRAFT NOOB'S BK. 3,"Cube Kid (Author of fan fiction) https://id.loc.gov/authorities/names/no2016065950 https://id.oclc.org/worldcat/entity/E39PCjCDXWk7kXxGkRybYRgwJC., author.",A noob's diary of an 8-bit warrior. Eye of Ender,1001509913,03/07/26,0,7,0,06/16/26,b3467787a
mjff,J FIRST MUNCASTER MIRABELLE BK. 8,"Muncaster, Harriet https://id.loc.gov/authorities/names/n2012043703 https://isni.org/isni/0000000377922372., author, illustrator.",Mirabelle wants to win,1001493675,01/17/26,0,5,0,06/09/26,b3457510a
mjfic,J FICTION AVI,"Avi, 1937- http://id.loc.gov/authorities/names/n79074323",The true confessions of Charlotte Doyle,1001189055,11/20/25,0,3,1,06/22/26,b1440911a
mjfic,J FICTION BEATY QUESTIONEERS BK. 3,"Beaty, Andrea, http://id.loc.gov/authorities/names/n2005084698 author.",Iggy Peck and the mysterious mansion,1001399754,12/14/25,0,4,0,06/20/26,b2596710a
mjfic,J FICTION BRALLIER LAST,"Brallier, Max, http://id.loc.gov/authorities/names/n2009044508 author.",The last kids on Earth survival guide,1001343038,01/17/26,0,5,0,06/20/26,b2545773a
mjfic,J FICTION BRUEL BAD KITTY BK. 11,"Bruel, Nick, author, illustrator https://id.oclc.org/worldcat/entity/E39PBJckVYx74TGRVmPGhr7fv3",Bad Kitty : camp daze,1001510542,04/03/26,0,4,0,06/20/26,b3469693a
mjfic,J FICTION BRUEL BAD KITTY BK. 17,"Bruel, Nick, https://id.loc.gov/authorities/names/n2003046994 author, illustrator.",Bad Kitty makes a movie,1001489162,01/25/26,0,7,0,06/13/26,b3455305a
mjfic,J FICTION BRUEL BAD KITTY BK. 4,"Bruel, Nick. http://id.loc.gov/authorities/names/n2003046994",Bad Kitty meets the baby,1001319072,11/08/25,0,2,0,06/13/26,b1418465a
mjfic,J FICTION CHAINANI SCHOOL BK. 3,"Chainani, Soman, http://id.loc.gov/authorities/names/no2013051387 author.",The last ever after,1001498604,02/26/26,0,5,0,06/13/26,b1516004a
mjfic,J FICTION CUSHMAN,"Cushman, Karen, author. https://id.oclc.org/worldcat/entity/E39PBJwHmyYTXyVxYbMKpyg7pP",When Sally O'Malley discovered the sea,1001411155,01/07/26,0,4,0,06/13/26,b3472418a
mjfic,J FICTION EVANS WHO BK. 3,"Evans, Maz, author. https://id.oclc.org/worldcat/entity/E39PCjBcgxDDgWfDYYgDfTgTjK",Beyond the odyssey,1001411699,01/17/26,0,4,0,06/27/26,b3473741a
mjfic,J FICTION GIBBS FUNJUNGLE BK. 5,"Gibbs, Stuart, 1969- http://id.loc.gov/authorities/names/no2008130015 author.",Lion down : a funjungle novel,1001381721,04/08/26,0,6,0,06/13/26,b2351337a
mjfic,J FICTION GOROG,"Gorog, Judith. http://id.loc.gov/authorities/names/n82014856",A taste for quiet : and other disquieting tales,1000487736,07/09/24,0,1,0,06/13/26,b1060790a
mjfic,J FICTION GUTMAN MY WEIRDTASTIC BK. 8,"Gutman, Dan, author https://id.oclc.org/worldcat/entity/E39PBJw8W9cj8hdxkmQjhwgdwC",Mr. Plummer is dumber!,1001505800,01/20/26,0,8,0,06/03/26,b3473297a
mjfic,J FICTION HARPER JUST BK. 10,"Harper, Charise Mericle. http://id.loc.gov/authorities/names/n00014837",Just Grace and the trouble with cupcakes,1001213695,05/16/25,0,1,0,06/03/26,b1439067a
mjfic,J FICTION HIAASEN,"Hiaasen, Carl. http://id.loc.gov/authorities/names/n85133706",Flush,1001367841,12/09/25,0,3,0,06/09/26,b1304554a
mjfic,J FICTION KINNEY AWESOME BK. 1,"Kinney, Jeff, http://id.loc.gov/authorities/names/n2006080631 author, illustrator.",Diary of an awesome friendly kid : Rowley Jefferson's journal,1001344573,02/23/26,0,9,0,06/01/26,b2338631a
mjfic,J FICTION KINNEY DIARY BK. 12,"Kinney, Jeff, http://id.loc.gov/authorities/names/n2006080631 author, illustrator.",Diary of a wimpy kid. The getaway,1001599156,02/13/26,0,2,0,06/27/26,b1599779a
mjfic,J FICTION KINNEY DIARY BK. 17,"Kinney, Jeff, https://id.loc.gov/authorities/names/n2006080631 author, illustrator.",Diary of a wimpy kid. Diper överlöde,1001450090,04/04/26,0,10,0,06/23/26,b3248491a
mjfic,J FICTION KINNEY DIARY BK. 4,"Kinney, Jeff. http://id.loc.gov/authorities/names/n2006080631",Diary of a wimpy kid. Dog days,,04/07/26,0,10,0,06/27/26,b1375975a
mjfic,J FICTION KIPLING CHURCH,"Church, Lisa R., 1960- http://id.loc.gov/authorities/names/n98002846",The jungle book,1001196374,01/04/26,0,2,0,06/27/26,b1434584a
mjfic,J FICTION LUBAR EMPEROR BK. 1,"Lubar, David, http://id.loc.gov/authorities/names/n94116969 author.",Emperor of the universe,1001376241,09/06/22,0,1,0,06/20/26,b2430861a
mjfic,J FICTION LYNCH WORLD WAR II BK. 1,"Lynch, Chris, 1962- http://id.loc.gov/authorities/names/n93001438 author.",The right fight,1001245799,01/07/26,0,5,0,06/13/26,b1468683a
mjfic,J FICTION MAGIC BK. 4,"Moore, Eva. http://id.loc.gov/authorities/names/n82090546",Space explorers,1001336201,11/08/25,0,3,0,06/27/26,b1434514a
mjfic,J FICTION OSBORNE MAGIC BK. 9,"Osborne, Mary Pope. http://id.loc.gov/authorities/names/n81076723",Magic tree house : dolphins at daybreak,1001490400,03/22/26,0,8,0,06/20/26,b1208416a
mjfic,J FICTION PALACIO,"Palacio, R. J. http://id.loc.gov/authorities/names/n2011062703",Wonder,1001313456,04/01/26,0,5,0,06/13/26,b1430016a
mjfic,J FICTION RAVEL,"Ravel, Edeet, http://id.loc.gov/authorities/names/n2003040012 author.",A boy is not a bird,1001397863,08/02/23,0,1,0,06/13/26,b2405482a
mjfic,J FICTION REYNOLDS TRACK BK. 1,"Reynolds, Jason, http://id.loc.gov/authorities/names/n2008071039 author.",Ghost,1001323830,12/06/25,0,5,0,06/02/26,b1571450a
mjfic,J FICTION ROWLING HARRY POTTER BK. 1,"Rowling, J. K. http://id.loc.gov/authorities/names/n97108433",Harry Potter and the sorcerer's stone,1001442740,06/23/26,0,7,0,06/23/26,b1206668a
mjfic,J FICTION ROWLING HARRY POTTER BK. 2,"Rowling, J. K. http://id.loc.gov/authorities/names/n97108433",Harry Potter and the chamber of secrets,1001436606,03/04/26,0,6,1,06/01/26,b1213835a
mjfic,J FICTION ROY A TO Z ANIMAL BK. 5,"Whaley, Kayla, author. https://id.oclc.org/worldcat/entity/E39PCjDfJVmwFm9CTF8hdkTwkC",The emerald egg,1001600148,,0,1,0,06/06/26,b3469580a
mjfic,J FICTION ROY A TO Z BK. 2,"Roy, Ron, 1940- http://id.loc.gov/authorities/names/n78003326",The bald bandit,1001423136,01/03/26,0,5,0,06/27/26,b1353814a
mjfic,J FICTION SCHMIDT,"Schmidt, Gary D., https://id.loc.gov/authorities/names/n88122969 author.",The labors of Hercules Beal,1001460843,12/30/25,0,3,0,06/02/26,b3363585a
mjfic,J FICTION STEWART MYSTERIOUS BK. 1,"Stewart, Trenton Lee. http://id.loc.gov/authorities/names/n2005048034",The mysterious Benedict Society,1001307865,05/07/26,0,9,1,06/27/26,b1328865a
mjfic,J FICTION TANNER HIDDEN BK. 3,"Tanner, Lian, http://id.loc.gov/authorities/names/n2010009678 author.",Battlesong,1001323966,01/05/26,0,3,0,06/02/26,b1599638a
mjfic,J FICTION TANNER KEEPERS BK. 1,"Tanner, Lian. http://id.loc.gov/authorities/names/n2010009678",Museum of thieves,1001131418,01/02/26,0,3,0,06/02/26,b1415689a
mjfic,J FICTION TARGOSZ UNDERWILD BK. 1,"Targosz, Shana, author.",River of spirits,1001512297,01/15/26,0,6,0,06/02/26,b3472605a
mjfic,J FICTION TARSHIS I SURVIVED BK. 1,"Tarshis, Lauren. http://id.loc.gov/authorities/names/n87928430","The sinking of the Titanic, 1912",1001337453,01/11/26,0,3,0,06/02/26,b1410684a
mjfic,J FICTION WATSON STICK CAT BK. 1,"Watson, Tom, 1965- http://id.loc.gov/authorities/names/nb2014002382 author.",Stick Cat : a tail of two kitties,1001293561,01/29/26,0,7,0,06/22/26,b1564455a
mjfic,J FICTION WATSON STICK CAT BK. 3,"Watson, Tom, 1965- http://id.loc.gov/authorities/names/nb2014002382 author.",Two catch a thief,1001365753,01/10/26,0,6,0,06/22/26,b2289257a
mjfic,J FICTION WATSON STICK DOG BK. 2,"Watson, Tom, 1962- http://id.loc.gov/authorities/names/no2009041108 author.",Stick Dog wants a hot dog,1001380002,07/03/25,0,1,0,06/22/26,b1465880a
mjfic,J FICTION WATSON STICK DOG BK. 4,"Watson, Tom, 1962- http://id.loc.gov/authorities/names/no2009041108 author.",Stick Dog dreams of ice cream,1001240925,11/21/25,0,4,0,06/22/26,b1511728a
mjfic,J FICTION WEXLER FORBIDDEN BK. 1,"Wexler, Django. http://id.loc.gov/authorities/names/n2005041275",The forbidden library,1001228841,02/12/26,0,3,0,06/27/26,b1475964a
mjgn,J FICTION BRUEL BAD KITTY BK. 9,"Bruel, Nick, https://id.loc.gov/authorities/names/n2003046994 author, illustrator.",Bad Kitty goes to the vet,1001450433,03/02/26,0,6,0,06/20/26,b3455303a
mjgn,J GN ABDO BLUE BARRY V. 1,"Abdo, Dan, https://id.loc.gov/authorities/names/n2010020029 author, artist.","Blue, Barry & Pancakes. 1",1001427221,11/16/25,0,3,0,06/15/26,b2712323a
mjgn,J GN BEKA LOVE V. 2,"Béka, https://id.loc.gov/authorities/names/nb2007026498 author.",The love report. 2,1001450602,02/08/26,0,8,0,06/27/26,b3461150a
mjgn,J GN DAVIS GARFIELD FAT CAT V. 25,"Davis, Jim, 1945 July 28- author, illustrator. https://id.oclc.org/worldcat/entity/E39PBJxRxkC4DtjpBqqBvpkCcP",Garfield fat cat 3-pack. 25,1001511163,06/23/26,0,4,0,06/23/26,b3470500a
mjgn,J GN FOREMAN SLICE V. 1,"Foreman, Adam, https://id.loc.gov/authorities/names/no2024055061 author, artist.",Slice of Mallow. 1,1001497819,01/27/26,0,4,0,06/15/26,b3465181a
mjgn,J GN GREEN INVESTIGATORS V. 4,"Green, John Patrick, 1975- http://id.loc.gov/authorities/names/n2012034235 author, illustrator.","InvestiGators. 4, Ants in our P. A. N. T. S.",1001598211,05/01/26,0,4,0,06/20/26,b2803971a
mjgn,J GN GREEN INVESTIGATORS V. 8,"Green, John Patrick, 1975- https://id.loc.gov/authorities/names/n2012034235 https://id.oclc.org/worldcat/entity/E39PBJg8JKhQTqQ6YmmVVk94bd., author, artist.","InvestiGators. 8, Class action",1001509821,01/17/26,0,10,0,06/01/26,b3465654a
mjgn,J GN HUNTER WARRIORS RAVENPAW'S V. 2,"Hunter, Erin. http://id.loc.gov/authorities/names/nr00003836","Warriors, Ravenpaw's path. 2, A clan in need",1001171756,04/07/26,0,9,0,06/05/26,b1428954a
mjgn,J GN MILLER CLICK V. 2,"Miller, Kayla, http://id.loc.gov/authorities/names/nb2018008317 author, illustrator.",Camp,1001516387,04/19/26,0,6,0,06/09/26,b2352109a
mjgn,J GN MIRACULOUS V. 1,"Trujillo, Josh, author. https://id.oclc.org/worldcat/entity/E39PCjv4CxCRpYJ4BcxyKf9r4m",Miraculous Chibi. 1. Pizza pursuit and other cat tales,1001436970,01/25/26,0,5,0,06/15/26,b3470396a
mjgn,J GN OSBORNE FACT,"Laird, Jenny, 1969- adapter. https://id.oclc.org/worldcat/entity/E39PCjyHHbHhhydFWFpCYxB4HK",Magic tree house fact tracker graphic novel. Dinosaurs,1001515939,04/26/26,0,8,1,06/20/26,b3471929a
mjgn,J GN PILKEY DOG MAN V. 2,"Pilkey, Dav, 1966- https://id.loc.gov/authorities/names/n86066278 author, illustrator.","Dog Man. 2, Unleashed",1001598190,06/23/26,0,2,0,06/23/26,b1571443a
mjgn,J GN PILKEY DOG MAN V. 3,"Pilkey, Dav, 1966- https://id.loc.gov/authorities/names/n86066278 author, illustrator.","Dog Man. 3, A tale of two kitties",1001456572,01/18/26,0,9,0,06/02/26,b1575940a
mjgn,J GN SATTIN UNICO V. 2,"Sattin, Samuel, author. https://id.oclc.org/worldcat/entity/E39PCjyRR93FcpH9c8HjKQTgyq","Unico. 2, Hunted",1001508705,01/20/26,0,4,0,06/09/26,b3474341a
mjgn,J GN SCHULZ PEANUTS,"Schulz, Charles M. (Charles Monroe), 1922-2000, http://id.loc.gov/authorities/names/n79021850 author, illustrator.",Security is a thumb and a blanket,1001436347,01/22/26,0,5,0,06/27/26,b3117899a
mjgn,J GN SCHWEIZER CREEPS V. 3,"Schweizer, Chris, http://id.loc.gov/authorities/names/no2009083992 author, illustrator.",Curse of the attack-o-lanterns,1001325535,06/23/26,0,3,0,06/23/26,b1584455a
mjgn,J GN SMITH BONE V. 4,"Smith, Jeff, 1960 February 27- http://id.loc.gov/authorities/names/n95103089","Bone. 4, The dragonslayer",1001403426,12/22/25,0,4,0,06/05/26,b1328201a
mjgn,J GN SPIOTTO GRUMPY V. 1,"Spiotto, Joey, http://id.loc.gov/authorities/names/no2014137617 author, illustrator.",Grumpy Unicorn : why me?,1001423082,01/22/26,0,5,0,06/09/26,b2711723a
mjgn,J GN STEINKE,"Steinke, Aron Nels, author, illustrator. https://id.oclc.org/worldcat/entity/E39PCjqKXjPmK6HYP8rDctGTBK",Speechless,1001527610,01/14/26,0,12,0,06/02/26,b3470216a
mjgn,J GN SUTHERLAND WINGS V. 9,"Sutherland, Tui, 1978- author, creator. https://id.oclc.org/worldcat/entity/E39PBJbM9bpJbXXcb4HR63m68C","Wings of fire : the graphic novel. 9, Talons of power",1001600561,03/10/26,0,3,0,06/03/26,b3477300a
mjgn,J GN THUMMLER SHEETS V. 3,"Thummler, Brenna, https://id.loc.gov/authorities/names/no2017136283 author, artist.","Sheets. 3, Lights",1001467323,01/25/26,0,5,0,06/13/26,b3455431a
mjgn,J GN WINICK HILO V. 9,"Winick, Judd, https://id.loc.gov/authorities/names/n96114683 author, illustrator.","Hilo. 9, Gina and the last city on earth",1001526775,01/25/26,0,8,1,06/09/26,b3250073a
mjhol,J BOARD HOLIDAY EASTER,"Rinker, Sherri Duskey, http://id.loc.gov/authorities/names/n2010049322 author.","Construction site, spring delight : an Easter lift-the-flap book",1001604511,,0,1,0,06/13/26,b3087643a
mjhol,J BOARD HOLIDAY HALLOWEEN,"Boynton, Sandra, http://id.loc.gov/authorities/names/n78064183 author, illustrator.","Boo! Baa, la la la!",1001432915,12/13/25,0,3,0,06/06/26,b2805964a
mjhol,J P PARKER VAL,"Parker, Toni Trent. http://id.loc.gov/authorities/names/n98001661",Hugs and hearts,1000653473,01/23/26,0,2,0,06/09/26,b1250748a
mjhol,J P STOCK VAL,"Stock, Catherine. http://id.loc.gov/authorities/names/n79026238",Secret valentine,1000370460,02/15/25,0,1,0,06/09/26,b1130691a
mjhol,J P SUTTON VAL,"Sutton, Benn. http://id.loc.gov/authorities/names/no2011179353",Hedgehug : a sharp lesson in love,1001190865,01/23/26,0,2,0,06/16/26,b1443871a
mjlan,J CHINESE J BOARD REAL WORLD,,Dong dong chuang yi xue xi shu. You xing zhuang de Han zi = Chinese characters,1001412087,01/28/26,0,4,0,06/13/26,b3476068a
mjlan,J SPANISH J BOARD 123,"Katz, Karen, http://id.loc.gov/authorities/names/n96112546 author, illustrator.",Los abrazos de papá,1001441834,11/14/25,0,2,0,06/06/26,b3141374a
mjlan,J SPANISH J BOARD CONCEPT COLORS,,Mis colores brillantes : la princesa.,1001357686,08/02/25,0,2,0,06/06/26,b2335123a
mjlan,J SPANISH J BOARD GROWING,"Seeboruth, Sumana, http://id.loc.gov/authorities/names/no2022018253 author.","¡Chones, por favor! = Undies, please!",1001441869,10/11/25,0,2,0,06/06/26,b3141352a
mjlan,J SPANISH J BOARD GROWING,"Verdick, Elizabeth, https://id.loc.gov/authorities/names/n96039471 author.",Voices are not for yelling = La voz no es para gritar,1001451287,01/06/26,0,3,0,06/06/26,b3249055a
mjlan,J SPANISH J BOARD GROWING,"Verdick, Elizabeth. https://id.loc.gov/authorities/names/n96039471",Germs are not for sharing = Los gérmenes no son para compartir,1001447218,10/31/25,0,3,0,06/06/26,b3248995a
mjlan,J SPANISH J BOARD M,"Machell, Dawn, http://id.loc.gov/authorities/names/no2015149556 author, illustrator.",¿Quién es Diferente? : ¡un libro para buscar y encontrar!,1001327556,01/05/26,0,2,0,06/13/26,b1579124a
mjlan,J SPANISH J BOARD SONG & RHYME,"Canetti, Yanitzia, 1967- http://id.loc.gov/authorities/names/n95044499",Ten little fingers = Tengo diez deditos,1001326933,01/13/26,0,2,0,06/06/26,b1600196a
mjlan,J SPANISH J E HILLERT,"Hillert, Margaret, http://id.loc.gov/authorities/names/n80037753 author.","Yo no, yo no = Not I, not I",1001102550,02/09/24,0,1,0,06/20/26,b2182241a
mjlan,J SPANISH J P GUY,"Gibson, Ginger Foglesong. http://id.loc.gov/authorities/names/n88202008",My school,1000995238,11/05/24,0,1,0,06/06/26,b1318878a
mjlan,J SPANISH J P HAUGHTON,"Haughton, Chris, http://id.loc.gov/authorities/names/n2009081713 author, illustrator.",Voy a portarme muy bien,1001421922,09/27/25,0,2,0,06/06/26,b2711381a
mjlan,J SPANISH J P HAWKINS,"Hawkins, Emily. http://id.loc.gov/authorities/names/no2008023857",La princesa de las nieves,1001202082,07/13/23,0,1,0,06/06/26,b1456512a
mjlan,J SPANISH J P HERRERA,"Herrera, Juan Felipe. http://id.loc.gov/authorities/names/n79033227",Grandma and me at the flea,1000655603,02/14/25,0,1,0,06/06/26,b1257666a
mjlan,J SPANISH J P KHOA LE,"Khoa Lê, http://id.loc.gov/authorities/names/n2019023173 author, illustrator.",Mil Lágrimas,1001187530,11/30/24,0,1,0,06/09/26,b1528579a
mjlan,J SPANISH J P KOTZWINKLE,"Kotzwinkle, William. http://id.loc.gov/authorities/names/n79095429","Walter, el perro pedorrero se mete en líos",1001127150,09/23/25,0,2,0,06/20/26,b1396375a
mjlan,J SPANISH J P KOZIKOGLU,"Kozikoğlu, Tülin, http://id.loc.gov/authorities/names/no2017142500 author.","Pablo, el pez perezoso",1001180643,10/18/25,0,2,0,06/06/26,b2161801a
mjlan,J SPANISH J P KOZIKOGLU,"Kozikoğlu, Tülin, http://id.loc.gov/authorities/names/no2017142500 author.","Petra, la araña furiosa",1001180609,01/28/26,0,3,0,06/20/26,b2161802a
mjlan,J SPANISH J P LEBLANC,"Leblanc, Catherine, 1956- http://id.loc.gov/authorities/names/no2003041299 author.",¿Cómo machacar monstruos?,1001360192,12/22/25,0,2,0,06/20/26,b2458655a
mjlan,J SPANISH J P WALLACE,"Wallace, Adam https://id.loc.gov/authorities/names/n2016004445 https://id.oclc.org/worldcat/entity/E39PCjrf3XGqP36jD3VM3XpRjy., author.",Pero ¿Por qué no te duermes?,1001513344,11/10/25,0,2,0,06/20/26,b3468194a
mjnf,J 503 FIRTH,"Firth, Rachel, author. https://id.oclc.org/worldcat/entity/E39PCjxc643xWFJbrRGgDBy7d3",First encyclopedia of science,1001517705,01/02/26,0,4,0,06/02/26,b3472717a
mjnf,J 520 JENNER,"Jenner, Elizabeth, https://id.loc.gov/authorities/names/nb2017006730 author.",Sky explorer : a young adventurer's guide to the sky by day and night,1001495371,02/06/26,0,2,0,06/27/26,b3463860a
mjnf,J 523.2 ALLAN,"Allan, Sophie (Physics teacher), https://id.loc.gov/authorities/names/no2023129877 author.",The solar system,1001488311,01/29/26,0,3,0,06/13/26,b3459564a
mjnf,J 523.4 SIY,"Siy, Alexandra. http://id.loc.gov/authorities/names/n91032334",Voyager's greatest hits : the epic trek to interstellar space,1001319300,06/23/26,0,2,0,06/23/26,b1584220a
mjnf,J 552 DENNIE,"Dennie, Devin, Dr. https://id.loc.gov/authorities/names/no2017094190 https://id.oclc.org/worldcat/entity/E39PCjx9dCvVdvDkpmjvQ4M6w3., author.",An anthology of rocks and minerals,1001494768,12/17/25,0,3,0,06/13/26,b3467372a
mjnf,J 567 DAYNES,"Daynes, Katie, https://id.loc.gov/authorities/names/nb2002004323 author.",Lift-the-flap questions and answers about dinosaurs,1001487579,01/18/26,0,6,0,06/13/26,b3456901a
mjnf,J 597.33 SAXBY,"Saxby, Claire, https://id.loc.gov/authorities/names/no2014017422 author.",Great white shark,1001460565,06/08/25,0,1,0,06/27/26,b3451708a
mjnf,J 597.858 WHITED,"Whited, Jessica LaMae, Dr., https://id.loc.gov/authorities/names/no2024113753 author.",Axolotl : a first field guide to the amphibian that never grows up,1001511853,01/05/26,0,5,0,06/13/26,b3467375a
mjnf,J 610.695 ANDERSON,"Anderson, AnnMarie, https://id.loc.gov/authorities/names/n2003037133 author.",Meet a doctor!,1001430532,11/20/25,0,3,0,06/16/26,b2774153a
mjnf,J 629.133 DIEKER,"Dieker, Wendy Strobel, http://id.loc.gov/authorities/names/n2006002375 author.",Airplanes,1001378959,12/06/25,0,5,0,06/15/26,b2363089a
mjnf,J 629.225 MITTON,"Mitton, Tony, http://id.loc.gov/authorities/names/n94100116 author.",Big bulldozers,1001414766,11/15/25,0,3,0,06/15/26,b2806063a
mjnf,J 629.225 VESTERGAARD,"Vestergaard, Hope. http://id.loc.gov/authorities/names/n2003039672","Digger, dozer, dumper",1001346585,12/16/25,0,4,0,06/15/26,b1464143a
mjnf,J 636.7 RESLER,"Resler, T. J. (Tamara J.), http://id.loc.gov/authorities/names/n91056313 author.",Dog breed guide : the complete reference to your best friend fur-ever,1001388062,04/04/26,0,4,0,06/05/26,b2392430a
mjnf,J 741.51 DISNEY CLASSIC,,Learn to draw Disney classic characters.,1001432767,11/15/25,0,1,0,06/09/26,b2788105a
mjnf,J 741.51 NGUYEN,"Nguyen, Angela, author.",How to draw the cutest stuff : draw anything and everything in the cutest style ever!,1001527069,01/25/26,0,6,1,06/09/26,b3472389a
mjnf,J 745.61 WINTERS,"Winters, Eleanor. http://id.loc.gov/authorities/names/n82275538",1-2-3 calligraphy! : letters and projects for beginners and beyond,1000989332,07/26/25,0,1,0,06/20/26,b1321021a
mjnf,J 793.73 ROBSON,"Robson, Kirsteen, author. https://id.oclc.org/worldcat/entity/E39PCjGBJ4BC3DbfPpG3bTQC73 https://isni.org/isni/0000000419916449",Can you spot? Wintertime,1001600924,02/06/26,0,2,0,06/24/26,b3476002a
mjnf,J 794.85 MINECRAFT JELLEY,"Jelley, Craig, author. https://id.oclc.org/worldcat/entity/E39PCjqRhypWqD8yTyMdgHrdYq",Minecraft atlas of the world,1001529960,04/26/26,0,5,0,06/27/26,b3476023a
mjnf,J 794.85 POKEMON BEECROFT,"Beecroft, Simon, author. https://id.oclc.org/worldcat/entity/E39PCjrddyDmFJvgbTyf9PjhwP",Pokémon big book of facts,1001503123,01/25/26,0,6,0,06/09/26,b3471956a
mjnf,J 823.914 HARRY,,The Harry Potter wizarding almanac : the official magical companion to J.K. Rowling's Harry Potter books,1001466947,04/19/26,0,10,0,06/20/26,b3455331a
mjpar,616.8589 HALLOWELL,"Hallowell, Edward M. http://id.loc.gov/authorities/names/n88117895",Superparenting for ADD : an innovative approach to raising your distracted child,1001120469,12/13/24,0,1,0,06/20/26,b1383350a
mjpar,649.122 MURKOFF,"Murkoff, Heidi Eisenberg. http://id.loc.gov/authorities/names/n81107581",What to expect the second year : from 12 to 24 months,1001226576,09/28/25,0,1,0,06/06/26,b1419206a
mjpar,649.132 JANIS-NORTON,"Janis-Norton, Noël, http://id.loc.gov/authorities/names/nr2005021893 author.","Calmer, easier, happier boys",1001322979,11/17/25,0,2,0,06/20/26,b1604039a
mjpic,J P BERENSTAIN,"Berenstain, Stan, 1923-2005. https://id.loc.gov/authorities/names/n79131972",The Berenstain Bears and the Truth,1001489966,04/07/26,0,4,1,06/13/26,b1085750a
mjpic,J P BRUEL,"Bruel, Nick. http://id.loc.gov/authorities/names/n2003046994",Poor Puppy and Bad Kitty,1001193247,01/21/26,0,3,0,06/09/26,b1433661a
mjpic,J P DE LA PENA,"de la Peña, Matt, http://id.loc.gov/authorities/names/n2004042083 author.",Last stop on Market Street,1001373225,03/08/26,0,6,0,06/02/26,b1508345a
mjpic,J P FLEMING,"Fleming, Denise, 1950- http://id.loc.gov/authorities/names/n83040656 author, illustrator.",5 little ducks,1001326361,12/02/24,0,1,0,06/16/26,b1574905a
mjpic,J P FREEMAN,"Davis, Viola, 1965- http://id.loc.gov/authorities/names/no2008047755 author.",Corduroy takes a bow,1001349359,01/02/26,0,5,0,06/09/26,b2243418a
mjpic,J P HARRIS,"Harris, Shawn (Artist), https://id.loc.gov/authorities/names/n2017020861 author.",The teeny-weeny unicorn,1001491062,01/22/26,0,6,0,06/06/26,b3460599a
mjpic,J P HOWLEY,"Howley, Jonty, author, illustrator.","Come out, come out, chameleon!",1001396166,01/31/26,0,4,0,06/15/26,b3465905a
mjpic,J P JESSELL,"Jessell, Tim. http://id.loc.gov/authorities/names/n93120073",Falcon,1001167290,01/20/26,0,3,0,06/05/26,b1433831a
mjpic,J P JONKER,"Jonker, Travis, author. https://id.oclc.org/worldcat/entity/E39PCjHG7V4t6jgcvXWt43JKJP",Caboose,1001527274,01/07/26,0,7,0,06/10/26,b3469571a
mjpic,J P K-POP,"Song, Angela, author.",For the fans!,1001602932,04/15/26,0,3,0,06/05/26,b3478625a
mjpic,J P KIRK,"Kirk, David, 1955- http://id.loc.gov/authorities/names/n93030847",Little Miss Spider at Sunny Patch school,1001088642,12/07/25,0,3,0,06/10/26,b1230227a
mjpic,J P KULKA,"Kulka, Joe, http://id.loc.gov/authorities/names/n2002025737 author, illustrator.",Undercover ostrich,1001375180,12/13/25,0,3,0,06/10/26,b2325857a
mjpic,J P KURTZ,"Kurtz, Jane. http://id.loc.gov/authorities/names/n88252769",Rain romp : stomping away a grouchy day,1000663413,08/23/25,0,2,0,06/10/26,b1262118a
mjpic,J P KYLE,"Kyle, Tracey, http://id.loc.gov/authorities/names/no2014018105 author.",Pepe and the parade : a celebration of Hispanic heritage,1001399034,10/06/25,0,2,0,06/10/26,b2405864a
mjpic,J P L'ENGLE,"L'Engle, Madeleine, author. https://id.oclc.org/worldcat/entity/E39PBJdM93tJccq7RVyxd36Myd",Dance in the desert,1001534956,,0,1,0,06/06/26,b3478998a
mjpic,J P LEIGHTON,"Leighton, Jonny, https://id.loc.gov/authorities/names/nb2019023896 author.",Does a bear poo in the woods?,1001465031,11/18/25,0,5,0,06/10/26,b3452210a
mjpic,J P LENSKI,"Lenski, Lois, 1893-1974. http://id.loc.gov/authorities/names/n79071124",Cowboy Small,1001300036,06/02/23,0,1,0,06/10/26,b1523302a
mjpic,J P LLOYD,"Lloyd, Jennifer, http://id.loc.gov/authorities/names/no2009030813 author.",The best thing about kindergarten,1001239141,12/20/25,0,2,0,06/10/26,b1464134a
mjpic,J P MARINO,"Marino, Gianna, http://id.loc.gov/authorities/names/n2004036164 author.",Night animals need sleep too,1001374747,01/20/26,0,6,0,06/09/26,b2429787a
mjpic,J P MONROE,"Monroe, Chris, https://id.loc.gov/authorities/names/no99087622 author, illustrator.",Sasquatch and Squirrel,1001454103,07/05/25,0,1,0,06/09/26,b3452261a
mjpic,J P MYLIE,"Mylie, Charlie, https://id.loc.gov/authorities/names/n2019012279 author, illustrator.",Hello day,1001495433,01/15/26,0,6,0,06/10/26,b3462904a
mjpic,J P NUMEROFF,"Numeroff, Laura Joffe, https://id.loc.gov/authorities/names/n79072747 author.",If you give a mouse a brownie,1001302841,03/24/26,0,5,0,06/20/26,b1525652a
mjpic,J P PARR,"Parr, Todd, http://id.loc.gov/authorities/names/n98016603 author, illustrator.",The kindness book,1001402344,12/06/25,0,2,0,06/10/26,b2405392a
mjpic,J P PARR,"Parr, Todd. http://id.loc.gov/authorities/names/n98016603",Otto goes to the beach,1001293381,12/08/25,0,4,0,06/10/26,b1288022a
mjpic,J P PEPPA,"Holloway, Lauren, https://id.loc.gov/authorities/names/no2019188794 author.",Peppa's magical unicorn,1001449004,01/30/26,0,3,0,06/16/26,b3459474a
mjpic,J P WHITEN,"Whiten, Jan, http://id.loc.gov/authorities/names/no2015037822 author.",Chooky-doodle-doo,1001186410,12/19/23,0,1,0,06/10/26,b1518146a
mjpic,J P WILLEMS,"Willems, Mo. http://id.loc.gov/authorities/names/n2002115023",Let's say hi to friends who fly!,1001378961,01/24/26,0,4,0,06/27/26,b1394685a
mjpic,J P WILLEMS,"Willems, Mo. http://id.loc.gov/authorities/names/n2002115023","What's your sound, Hound the Hound?",1001347192,12/12/25,0,5,0,06/27/26,b1394684a
mlt,LT FICTION HENDRICKS,"Hendricks, Greer, http://id.loc.gov/authorities/names/n2017060125 author.",The wife between us,1001324321,06/19/23,0,1,0,06/15/26,b2123035a
mlt,LT SF WEIR,"Weir, Andy, http://id.loc.gov/authorities/names/no2014013631 author.",The Martian,1001338645,04/11/26,0,6,2,06/01/26,b1601691a
mmys,M FRAZER,"Frazer, Margaret., 1946-2013. http://id.loc.gov/authorities/names/no92022162",The servant's tale,1001180736,11/21/25,0,2,0,06/27/26,b2121585a
mnewb,070.92 BUCKLEY TANENHAUS,"Tanenhaus, Sam, author. https://id.oclc.org/worldcat/entity/E39PBJkTc8wbvDGjGdJmjcV9jC",Buckley : the life and the revolution that changed America,1001528394,06/23/26,0,3,0,06/23/26,b3474481a
mnewb,352.293 REICH,"Reich, Robert B., author. https://id.oclc.org/worldcat/entity/E39PBJt8g3rXxKwvYGrWQp6kDq http://id.loc.gov/rwo/agents/n81094761",Coming up short : a memoir of my America,1001507050,01/12/26,0,6,0,06/20/26,b3474146a
mnewb,781.6609 ISLAM,"Islam, Yusuf, 1948- author. https://id.oclc.org/worldcat/entity/E39PBJvmFCxpVV98BCJGv8hfv3",Cat on the road to findout,1001597479,06/23/26,0,2,0,06/23/26,b3477544a
mnewb,792.8028 BAKER,"Baker, Josephine, 1906-1975, author. https://id.oclc.org/worldcat/entity/E39PBJkXrvTVmB9Jkbmj88wXBP",Fearless and free : a memoir,1001499609,06/18/25,0,1,0,06/16/26,b3468806a
mnewf,FICTION ARMITAGE,"Armitage, Rebecca, author.",The heir apparent,1001602867,04/21/26,0,3,1,06/10/26,b3477074a
mnewf,FICTION BROWN ROBERT BK. 6,"Brown, Dan, 1964- author. https://id.oclc.org/worldcat/entity/E39PBJk94Y4GH78cmMwjCDmw4q.",The secret of secrets : a novel,1001530310,04/11/26,0,7,0,06/01/26,b3473228a
mnewf,FICTION BROWN ROBERT BK. 6,"Brown, Dan, 1964- author. https://id.oclc.org/worldcat/entity/E39PBJk94Y4GH78cmMwjCDmw4q.",The secret of secrets : a novel,1001532789,04/11/26,0,4,0,06/01/26,b3473228a
mnewf,FICTION CORYELL,"Coryell, Tasha, author.",Matchmaking for psychopaths,1001506458,06/03/26,0,3,0,06/03/26,b3473381a
mnewf,FICTION DUNHAM,"Dunham, Lacey N., author. http://id.loc.gov/rwo/agents/n2025017348",The Belles : a novel,1001503949,01/13/26,0,4,0,06/13/26,b3474539a
mnewf,FICTION HART ASSASSINS BK. 2,"Hart, Rob (Fiction writer), author. https://id.oclc.org/worldcat/entity/E39PBJqBwjhBXPpv3c4rWrFMyd",The Medusa protocol,1001528660,06/03/26,0,4,0,06/03/26,b3473146a
mnewf,FICTION LOCKWOOD,"Lockwood, Patricia, author. https://id.oclc.org/worldcat/entity/E39PBJmxXT7pPTh3khhTvhF9Xd",Will there ever be another you,1001412458,01/09/26,0,2,0,06/13/26,b3474689a
mnewf,FICTION MEDINA,"Medina, Nick, author.",The whistler,1001509010,06/03/26,0,3,0,06/03/26,b3474612a
mnewf,FICTION STONE,"Stone, Nic, author https://id.oclc.org/worldcat/entity/E39PBJwhtq4ymFBFyKTqtJQH4q",Boom town,1001529741,06/03/26,0,1,0,06/03/26,b3475425a
mnewf,FICTION WILLINGHAM,"Willingham, Stacy, author. https://id.oclc.org/worldcat/entity/E39PCjqG9mDDXJh9VBphpw86Kd",Forget me not : a novel,1001532638,02/20/26,0,2,0,06/13/26,b3474409a
mnewf,FICTION WOODS STONE BK. 66,"Battles, Brett, author. https://id.oclc.org/worldcat/entity/E39PBJth4wJyb89QV3BmyXP84q",Stuart Woods' finders keepers,1001528044,02/18/26,0,8,0,06/13/26,b3472173a
mnewf,FICTION ZHANG,"Zhang, Jenny Tinghui, author. http://id.loc.gov/rwo/agents/no2022050564",Superfan : a novel,1001602312,,0,1,0,06/13/26,b3478459a
mnewf,GN FAGBAMIYE,"Fagbamiye, Jibola, author, artist.",Fela : music is the weapon,1001531527,06/23/26,0,1,0,06/23/26,b3478582a
mnewf,GN JACOBS BLAKE V. 1,"Jacobs, Edgar-P. (Edgar-Pierre), 1904-1987, author. https://id.oclc.org/worldcat/entity/E39PBJfh3J6GyyrkBdpbmMWFKd https://isni.org/isni/0000000121258033",The adventures of Blake and Mortimer : the complete collection. 1,1001505617,06/23/26,0,3,0,06/23/26,b3473751a
mnewf,GN PIKETTY,"Alet, Claire, author.",Thomas Piketty's Capital & ideology : a graphic novel adaptation,1001531826,,0,1,0,06/01/26,b3478889a
mnewf,GN WONDRICH,"Wondrich, David, author. https://id.oclc.org/worldcat/entity/E39PBJdRvkFfvM36tKt3RMh4MP",The comic book history of the cocktail : five centuries of mixing drinks and carrying on,1001597903,06/23/26,0,2,0,06/23/26,b3478583a
mnewf,M CARLSSON HALLAND BK. 3,"Carlsson, Christoffer, 1986- author. https://id.oclc.org/worldcat/entity/E39PBJjmPk4Jcm4XpBxMtGvvHC http://id.loc.gov/rwo/agents/no2013101336",The living and the dead : a novel about a crime,1001598112,,0,1,0,06/13/26,b3476881a
mnewf,M COOMBS FINCH BK. 2,"Coombs, Amelia Diane, author. https://id.oclc.org/worldcat/entity/E39PCjxqcwp34XMr9QJHMgvVwd",Sisters before misters,1001597243,01/02/26,0,2,0,06/13/26,b3476948a
mnewf,M GOLDMAN,"Goldman, Matt, 1962- https://id.oclc.org/worldcat/entity/E39PCjKM9KyDmFHkJVVBxQTBvb",The murder show,1001528482,06/03/26,0,5,0,06/03/26,b3471029a
mnewf,M LEHANE,"Lehane, Cornelius, author. https://id.oclc.org/worldcat/entity/E39PBJxhdvkrByFYYrKB46Y3wC",The red scare murders,1001600142,06/03/26,0,1,0,06/03/26,b3477619a
mnewf,M RADER-DAY,"Rader-Day, Lori, 1973- author. https://id.oclc.org/worldcat/entity/E39PCjHDQ7Yqb6GgPWVTX8cqw3 http://id.loc.gov/rwo/agents/n2014015375",Wreck your heart : a mystery,1001601042,02/13/26,0,2,0,06/13/26,b3478509a
mnewf,SF BROADBENT NIGHTBORN BK. 1,"Broadbent, Carissa, https://id.loc.gov/authorities/names/no2022119318 author.",The serpent & the wings of night : a Crowns of Nyaxia novel,1001458756,01/10/26,0,3,1,06/05/26,b3462652a
mnewf,SF HALL,"Hall, Alexis J., author. http://id.loc.gov/authorities/names/no2015027302 http://id.loc.gov/rwo/agents/no2015027302.",Hell's Heart,1001603701,03/21/26,0,2,1,06/20/26,b3481011a
mnewn,001.4226 LUPI,"Lupi, Giorgia, author. https://id.oclc.org/worldcat/entity/E39PCjFccTdjVJ9jd7yB8cvJXd http://id.loc.gov/rwo/agents/no2015002424","Speak data : artists, scientists, thinkers, and dreamers on how we live our lives in numbers",1001598263,06/23/26,0,2,0,06/23/26,b3478868a
mnewn,004.36 JOSHI,"Joshi, Unmesh, author.",Patterns of distributed systems,1001496716,02/07/26,0,5,0,06/22/26,b3460978a
mnewn,006.3843 GLASSNER,"Glassner, Andrew S., author. https://id.oclc.org/worldcat/entity/E39PBJd89jmbFhRVHG474HMdcP http://id.loc.gov/rwo/agents/n83311336",Quantum computing : from concepts to code,1001598254,,0,1,0,06/01/26,b3478854a
mnewn,158.1 BRENE,"Brown, Brené, https://id.loc.gov/authorities/names/n2002089900 author.",The gifts of imperfection,1001499344,04/21/26,0,5,1,06/27/26,b3467327a
mnewn,158.12 BURKEMAN,"Burkeman, Oliver https://id.loc.gov/authorities/names/no2011077939 https://id.oclc.org/worldcat/entity/E39PBJtH63fGjyc6DRPPG4CJDq., author.",Meditations for mortals : four weeks to embrace your limitations and make time for what counts,1001511844,02/15/26,0,5,0,06/09/26,b3467333a
mnewn,158.2 LEVINE,"Levine, Amir, author. http://id.loc.gov/authorities/names/n2010047510 http://id.loc.gov/rwo/agents/n2010047510.",Secure : the revolutionary guide to creating a secure life,1001604819,,0,1,1,06/13/26,b3481926a
mnewn,158.2 LEVINE,"Levine, Amir, author. http://id.loc.gov/authorities/names/n2010047510 http://id.loc.gov/rwo/agents/n2010047510.",Secure : the revolutionary guide to creating a secure life,1001604820,,0,1,1,06/03/26,b3481926a
mnewn,297.8 QADHI,"Qadhi, Yasir, 1975- author. https://id.oclc.org/worldcat/entity/E39PCjt3DJTYJvkYrPrGRkt83P",Understanding Salafism : seeking the path of the pious predecessors,1001504853,06/23/26,0,2,0,06/23/26,b3477105a
mnewn,332.409 MCWILLIAMS,"McWilliams, David, author. https://id.oclc.org/worldcat/entity/E39PBJwHffgX9Fkf66bjxjF7pP",The history of money : a story of humanity,1001601625,06/23/26,0,3,0,06/23/26,b3480332a
mnewn,332.46 ROGOFF,"Rogoff, Kenneth S., author. https://id.oclc.org/worldcat/entity/E39PBJptXQTy9Mv98XPpVChvHC","Our dollar, your problem : an insider's view of seven turbulent decades of global finance, and the road ahead",1001531228,06/23/26,0,7,1,06/23/26,b3474486a
mnewn,342.7302 AMAR,"Amar, Akhil Reed, author. https://id.oclc.org/worldcat/entity/E39PBJgxxmB9WFbKhWwpccVDMP http://id.loc.gov/rwo/agents/n96060785","Born equal : remaking America's Constitution, 1840-1920",1001599049,06/23/26,0,1,0,06/23/26,b3477890a
mnewn,393.109 LUCKHURST,"Luckhurst, Roger, author. https://id.oclc.org/worldcat/entity/E39PBJt43jFKgRpwbkR4Tg3CwC",Graveyards : a history of living with the dead,1001532637,06/23/26,0,2,0,06/23/26,b3477202a
mnewn,394.266 NAVARRO,"Navarro, Luisa (Journalist), author.",Mexico's Day of the Dead : a celebration of life through stories and photos,1001599862,06/23/26,0,2,0,06/23/26,b3478263a
mnewn,525 DEGROOT,"Degroot, Dagomar, author. https://id.oclc.org/worldcat/entity/E39PBJqvXBkb3vjh8XhrB9RHYP",Ripples on the cosmic ocean : an environmental history of our place in the solar system,1001529581,06/23/26,0,2,0,06/23/26,b3477521a
mnewn,551.55 SCHYMA,"Schyma, Hank, author.",Storm : chasing nature's wildest weather,1001602006,06/23/26,0,1,0,06/23/26,b3480742a
mnewn,616.0472 AMEN,"Amen, Daniel G., author. https://id.oclc.org/worldcat/entity/E39PBJvt4QHWXWqg6GDD7YVDMP","Change your brain, change your pain : breaking the doom loop to heal chronic physical and emotional pain",1001598119,06/23/26,0,2,0,06/23/26,b3477513a
mnewn,641.5 NOSRAT,"Nosrat, Samin, author. https://id.oclc.org/worldcat/entity/E39PBJdCkt6F7qBqgqybC74yVC",Good things : recipes and rituals to share with people you love,1001412571,06/23/26,0,4,0,06/23/26,b3475694a
mnewn,641.5092 BOURDAIN,"Bourdain, Anthony, author. https://id.oclc.org/worldcat/entity/E39PBJqFJckrWM8V8vbhvdp773","The Anthony Bourdain reader : new, classic, and rediscovered writing",1001529415,06/23/26,0,4,0,06/23/26,b3477524a
mnewn,641.5929 SHERMAN,"Sherman, Sean, 1974- author. https://id.oclc.org/worldcat/entity/E39PBJycVjQWGcdrHxMrjJHBfq",Turtle Island : foods and traditions of the indigenous peoples of North America,1001599902,06/23/26,0,2,0,06/23/26,b3477539a
mnewn,641.5959 CA DAO VAN MANEN,"Ca Dao Van Manen, Anaïs, author.",Vietnam : the cookbook,1001531503,06/23/26,0,3,0,06/23/26,b3478922a
mnewn,641.815 AMERICA'S,,"Baking for two : 200+ small-batch recipes, from lazy bakes to layer cakes",1001494502,06/23/26,0,5,0,06/23/26,b3471262a
mnewn,641.822 BASTIANICH,"Bastianich, Lidia, author. https://id.oclc.org/worldcat/entity/E39PBJvRVCgXfx46FYC7XQYByd",Lidia's the art of pasta,1001597474,06/23/26,0,1,0,06/23/26,b3477535a
mnewn,704.0399 TOI,,Toi te mana : an indigenous history of Māori art,1001531897,06/23/26,0,1,0,06/23/26,b3478921a
mnewn,746 FISCHER,"Fischer, Doris (Excavation technician), author. https://id.oclc.org/worldcat/entity/E39PCjKhvMfVxqVPCQ9f7tCG73","Fiber craft heritage : easy-to-learn textile techniques from the Stone Age to today, with 52 try-it projects",1001531595,06/23/26,0,2,0,06/23/26,b3478927a
mnewn,746.4604 WEST,"West, Christina, 1991- author.",The quilting book : a step-by-step guide to patchwork and quilting,1001599285,06/23/26,0,3,0,06/23/26,b3478880a
mnewn,791.4361 HORROR'S,,Horror's new wave  : 15 years of Blumhouse,1001531496,06/23/26,0,1,0,06/23/26,b3478916a
mnewn,791.4575 RATCLIFFE,"Ratcliffe, Amy, author.",Castlevania nocturne : the art of the animated series,1001603482,06/23/26,0,1,0,06/23/26,b3480828a
mnewn,811.008 CENTURY,,A century of poetry in the New Yorker : 1925-2025,1001515360,06/23/26,0,4,0,06/23/26,b3470552a
mnewn,813.54 UPDIKE,"Updike, John, author https://id.oclc.org/worldcat/entity/E39PBJjdhKTWdwgTdP6kmbDXh3",Selected letters of John Updike,1001600049,06/23/26,0,2,0,06/23/26,b3478012a
mnewn,949.502 KALDELLIS,"Kaldellis, Anthony, https://id.loc.gov/authorities/names/n99023831 author.",The new Roman empire : a history of Byzantium,1001462860,06/23/26,0,3,0,06/23/26,b3458815a
mnf,004.165 MAC MCFEDRIES,"McFedries, Paul, https://id.loc.gov/authorities/names/n91125797 author.",Macs all-in-one for dummies,1001427054,06/23/26,0,3,0,06/23/26,b3296920a
mnf,004.6782 DUTT,"Dutt, Dinesh G., author.","Cloud native data center networking : architecture, protocols, and tools",1001337671,06/23/26,0,2,0,06/23/26,b2421384a
mnf,005.1 FEATHERS,"Feathers, Michael C. http://id.loc.gov/authorities/names/no2004107470",Working effectively with legacy code,1001340554,06/23/26,0,2,0,06/23/26,b1600797a
mnf,005.1 HANSON,"Hanson, Chris (Christopher P.), http://id.loc.gov/authorities/names/n2020054997 author.",Software design for flexibility : how to avoid programming yourself into a corner,1001423345,06/23/26,0,3,0,06/23/26,b2712076a
mnf,005.117 SEEMANN,"Seemann, Mark, author.","Dependency injection : principles, practices, patterns",1001386229,06/23/26,0,3,0,06/23/26,b2290401a
mnf,005.13 ZIMMERMANN,"Zimmermann, Chris, https://id.loc.gov/authorities/names/n96039762 author.",The rules of programming : how to write better code,1001448124,10/28/25,0,1,0,06/24/26,b3362269a
mnf,005.133 C SHAW,"Shaw, Zed, http://id.loc.gov/authorities/names/no2007038789 author.",Learn C the hard way : practical exercises on the computational subjects you keep avoiding (like C),1001321498,01/29/26,0,3,0,06/24/26,b1599271a
mnf,005.133 PYTHON DAYLEY,"Dayley, Brad. http://id.loc.gov/authorities/names/n98085197",Python phrasebook : essential code and commands,1000998438,11/28/25,0,2,0,06/15/26,b1317800a
mnf,005.133 PYTHON VAUGHAN,"Vaughan, Lee, https://id.loc.gov/authorities/names/n2018034376 author.","Python tools for scientists : an introduction to using Anaconda, Jupyterlab, and Python's scientific libraries",1001448165,06/23/26,0,5,0,06/23/26,b3362268a
mnf,006.3 WALSH,"Walsh, Barry, https://id.loc.gov/authorities/names/n87154328 author.",Productionizing AI : how to deliver AI B2B solutions with cloud and Python,1001458435,02/03/26,0,3,0,06/22/26,b3362266a
mnf,006.31 HUYEN,"Huyen, Chip, https://id.loc.gov/authorities/names/nb2022009420 author.",Designing machine learning systems : an iterative process for production-ready applications,1001450597,06/23/26,0,7,1,06/23/26,b3454019a
mnf,006.31 MUELLER,"Mueller, John, 1958- http://id.loc.gov/authorities/names/n91007018 author.",Machine learning for dummies,1001308145,12/06/25,0,2,0,06/22/26,b1525817a
mnf,006.31 MULLER,"Müller, Andreas C., http://id.loc.gov/authorities/names/no2016171026 author.",Introduction to machine learning with Python : a guide for data scientists,1001315890,06/23/26,0,4,0,06/23/26,b1575863a
mnf,006.336 MONK,"Monk, Simon. http://id.loc.gov/authorities/names/n97007022",Programming Arduino next steps : going further with sketches,1001222590,06/06/25,0,1,0,06/15/26,b1463257a
mnf,153.43 COVERT,"Covert, Abby, http://id.loc.gov/authorities/names/no2018067341 author.",How to make sense of any mess,1001350140,12/29/25,0,2,0,06/13/26,b2211481a
mnf,153.6 ALASKO,"Alasko, Carl. http://id.loc.gov/authorities/names/n2008062505","Say this, not that : a foolproof guide to effective interpersonal communication",1001233293,01/03/26,0,2,0,06/15/26,b1480266a
mnf,153.69 FAST 1970,"Fast, Julius, 1919-2008. http://id.loc.gov/authorities/names/n79027137",Body language,1000644356,09/27/25,0,2,0,06/13/26,b1238126a
mnf,153.7 MASTERS,"Masters, Robert E. L. http://id.loc.gov/authorities/names/n50044992",Mind games,1000415456,09/18/25,0,2,0,06/13/26,b1145498a
mnf,153.8 WEINSCHENK,"Weinschenk, Susan. http://id.loc.gov/authorities/names/no95044135",How to get people to do stuff : master the art and science of persuasion and motivation,1001360329,01/10/26,0,2,0,06/15/26,b2597337a
mnf,155.5 DUPRE,"DuPre, Mark. http://id.loc.gov/authorities/names/n88283024",How to act like a grown-up,1001247601,04/06/25,0,1,0,06/13/26,b1512499a
mnf,158.1 DUKE,"Duke, Annie, 1965- https://id.loc.gov/authorities/names/n2005032423 author.",Quit : the power of knowing when to walk away,1001447354,11/20/25,0,3,0,06/15/26,b3192488a
mnf,158.1 HASE,"Hase, Nico, http://id.loc.gov/authorities/names/n2019037678 author.",How not to be a hot mess : a survival guide for modern life,1001404739,06/03/26,0,2,0,06/03/26,b2458788a
mnf,158.1 JOHNSON,"Johnson, Spencer. http://id.loc.gov/authorities/names/n79022069",Who moved my cheese? : an amazing way to deal with change in your work and in your life,1000628386,01/26/26,0,4,1,06/13/26,b1203271a
mnf,158.1 WIKING,"Wiking, Meik, http://id.loc.gov/authorities/names/no2016166693 author.",The art of making memories : how to create and remember happy moments,1001387806,06/09/25,0,1,0,06/02/26,b2362924a
mnf,158.2 LIEBERMAN,"Lieberman, David J. http://id.loc.gov/authorities/names/n97013293","Get anyone to do anything and never feel powerless again : psychological secrets to predict, control, and influence every situation",1001115280,04/25/23,0,1,0,06/13/26,b1379061a
mnf,158.5 ILICH,"Ilich, John, 1933- http://id.loc.gov/authorities/names/n80035025",The complete idiot's guide to winning through negotiation,1000334874,01/07/26,0,3,0,06/22/26,b1209349a
mnf,294.5 DONIGER,"Doniger, Wendy. http://id.loc.gov/authorities/names/n79126345",The Hindus : an alternative history,1001231130,02/06/24,0,1,1,06/01/26,b1472258a
mnf,296.0242 SCHOEN,"Schoen, Robert. http://id.loc.gov/authorities/names/n2016024207",What I wish my Christian friends knew about Judaism,1000705434,06/24/25,0,1,0,06/10/26,b1347352a
mnf,296.311 HELD,"Held, Shai, 1971- https://id.loc.gov/authorities/names/n2013031968 author.",Judaism is about love : recovering the heart of Jewish life,1001492000,04/14/25,0,1,0,06/10/26,b3458248a
mnf,306.42 DASTON,"Daston, Lorraine, 1951- http://id.loc.gov/authorities/names/n88005569","Wonders and the order of nature, 1150-1750",1000532567,06/23/26,0,1,0,06/23/26,b1202458a
mnf,362.7756 ELLIOTT,"Elliott, Andrea, http://id.loc.gov/authorities/names/no2016015072 author.","Invisible child : poverty, survival, and hope in an American city",1001434640,12/13/23,0,1,0,06/27/26,b2804636a
mnf,378.1664 AP U.S. HISTORY PRINCETON 2024,,AP U.S. history prep,1001465998,05/12/25,0,1,0,06/22/26,b3454145a
mnf,468.3421 CABALLERO,"Caballero, Juan, http://id.loc.gov/authorities/names/n83125309 author.","What they didn't teach you in Spanish class : slang phrases for the café, club, bar, bedroom, game and more",1001338398,01/09/26,0,3,0,06/09/26,b1580230a
mnf,510.9 DUNHAM,"Dunham, William, 1947- http://id.loc.gov/authorities/names/n88294947",Journey through genius : the great theorems of mathematics,1000344530,11/22/25,0,2,0,06/27/26,b1120404a
mnf,530.02 CHOWN,"Chown, Marcus, http://id.loc.gov/authorities/names/n95020532 author.",Infinity in the palm of your hand : fifty wonders that reveal an extraordinary universe,1001371331,10/09/23,0,1,0,06/16/26,b2340030a
mnf,551.4608 ERICKSON,"Erickson, Jon, 1948- http://id.loc.gov/authorities/names/n87839115",Marine geology : undersea landforms and life forms,1000486013,07/27/25,0,2,0,06/02/26,b1175553a
mnf,578.77 CRIST,"Crist, Darlene Trew. http://id.loc.gov/authorities/names/n00002570",World ocean census : a global survey of marine life,1001124787,07/23/25,0,1,0,06/03/26,b1388286a
mnf,581.63 HERB,,"The herb book : the stories, science, and history of herbs",1001463870,06/23/26,0,3,0,06/23/26,b3327333a
mnf,597.9209 ERNST 2009,"Ernst, Carl H. http://id.loc.gov/authorities/names/n86850566",Turtles of the United States and Canada,1001122962,06/23/26,0,1,0,06/23/26,b1387749a
mnf,598.1568 BRINGING,,Bringing back the birds : exploring migration and preserving birdscapes throughout the Americas,1001381862,06/23/26,0,1,0,06/23/26,b2340680a
mnf,615.321 CULPEPER,"Culpeper, Nicholas, 1616-1654. http://id.loc.gov/authorities/names/n83007664",Culpeper's complete herbal,1001386958,09/20/25,0,1,0,06/01/26,b2362460a
mnf,615.321 GROVES,"Groves, Maria Noël, http://id.loc.gov/authorities/names/n2016001450 author.",Body into balance : an herbal guide to holistic self-care,1001293171,01/30/26,0,2,0,06/01/26,b1565093a
mnf,615.321 PURSELL,"Pursell, J. J., 1973- http://id.loc.gov/authorities/names/no2015035116 author.",The herbal apothecary : 100 medicinal herbs and how to use them,1001261590,10/28/25,0,2,0,06/01/26,b1527232a
mnf,615.321 ROSE,"Rose, Karen, http://id.loc.gov/authorities/names/n50048343 author.","The art & practice of spiritual herbalism : transform, heal, & remember with the power of plants and ancestral medicine",1001437211,10/29/25,0,2,0,06/01/26,b2823798a
mnf,615.321 SCHAFER,"Schafer, Peg, 1962- http://id.loc.gov/authorities/names/no2011114050",The Chinese medicinal herb farm : a cultivator's guide to small-scale organic herb production,1001363983,12/17/25,0,3,0,06/01/26,b2340524a
mnf,615.534 FUNDAMENTALS,,Fundamentals of chiropractic,1000728493,02/16/24,0,1,0,06/01/26,b1302222a
mnf,615.852 TIPTON,"Tipton, Melissa, 1980- http://id.loc.gov/authorities/names/n2018053671 author.",Llewellyn's complete book of Reiki : your comprehensive guide to a holistic hands-on healing technique for balance and wellness,1001420846,02/12/26,0,2,0,06/01/26,b2624954a
mnf,616.3 GUNDRY,"Gundry, Steven R., https://id.loc.gov/authorities/names/n2007058612 author.","Gut check : unleash the power of your microbiome to reverse disease and transform your mental, physical, and emotional health",1001488750,01/25/26,0,3,0,06/20/26,b3458778a
mnf,618.1822 EIG,"Eig, Jonathan, http://id.loc.gov/authorities/names/n2004111908 author.",The birth of the pill : how four crusaders reinvented sex and launched a revolution,1001236192,09/16/23,0,1,0,06/15/26,b1504549a
mnf,618.2 KARKOWSKY,"Karkowsky, Chavi Eve, http://id.loc.gov/authorities/names/no2020019953 author.","High risk : a doctor's notes on pregnancy, birth, and the unexpected",1001305619,02/02/24,0,1,0,06/15/26,b2430453a
mnf,618.92 AAMODT,"Aamodt, Sandra. http://id.loc.gov/authorities/names/n2007045327",Welcome to your child's brain : how the mind grows from conception to college,1001160985,05/08/23,0,1,0,06/15/26,b1426045a
mnf,618.92 FRIEDMAN,"Friedman, Jeremy N. http://id.loc.gov/authorities/names/n2003128288",The baby care book : a complete guide from birth to 12 months old,1001021047,09/15/25,0,1,0,06/15/26,b1341706a
mnf,621.3692 CRISP 2005,"Crisp, John. http://id.loc.gov/authorities/names/n97023318",Introduction to fiber optics,1001122657,09/16/25,0,1,0,06/01/26,b1388314a
mnf,621.8 MACHINERY'S,,Machinery's handbook,1000582131,10/28/23,0,1,0,06/01/26,b1067048a
mnf,629.441 MILLER,"Miller, Roland, 1958- https://id.loc.gov/authorities/names/n2015023963 author.",The space shuttle : a mission-by-mission celebration of NASA's extraordinary spaceflight program,1001453673,03/25/25,0,1,0,06/01/26,b3192495a
mnf,631.53 PROPAGATING,,Propagating plants : how to create new plants for free,1001363906,09/05/25,0,2,0,06/01/26,b2351633a
mnf,631.583 HALLECK,"Halleck, Leslie F., http://id.loc.gov/authorities/names/no2018007162 author.",Gardening under lights : the complete guide for indoor growers,1001342037,09/05/25,0,2,0,06/01/26,b2232590a
mnf,633.79 GRAF,"Graf, Nichole, author.","Grow your own : understanding, cultivating, and enjoying cannabis",1001338442,08/17/24,0,1,0,06/01/26,b1602394a
mnf,635 COLLEY,"Colley, Micaela, http://id.loc.gov/authorities/names/no2017033189 author.",The seed garden : the art and practice of seed saving,1001288974,02/24/25,0,1,0,06/01/26,b1509004a
mnf,635 DOUGLAS,"Douglas, Christian, author.",The food forward garden : a complete guide to designing and growing edible landscapes,1001514468,11/27/25,0,2,0,06/01/26,b3468654a
mnf,635 EIERMAN,"Eierman, Kim, http://id.loc.gov/authorities/names/no2019088108 author.","Pollinator victory garden : win the war on pollinator decline with ecological gardening : how to attract and support bees, beetles, butterflies, bats, and other pollinators",1001305837,12/07/25,0,2,0,06/01/26,b2546430a
mnf,635 MCCULLOCH,"McCulloch, Mitch, author.",The seed hunter : discover the world's most unusual heirloom plants,1001510934,02/05/26,0,2,0,06/01/26,b3467840a
mnf,635.091 PEIRCE,"Peirce, Pam, https://id.loc.gov/authorities/names/n93016140 author.",Golden Gate Gardening : the complete guide to year-round food gardening in the San Francisco Bay Area & coastal California,1001461621,01/06/26,0,3,0,06/01/26,b3458969a
mnf,635.968 PUTNAM,"Putnam, Darroch, http://id.loc.gov/authorities/names/nb2019011831 author.",Flower color guide,1001356004,11/18/25,0,2,0,06/01/26,b2243240a
mnf,635.986 BERTELSEN,"Bertelsen, Aaron, http://id.loc.gov/authorities/names/n2018058743 author.",Grow fruit & vegetables in pots : planting advice & recipes from Great Dixter,1001360831,01/31/26,0,3,0,06/01/26,b2546400a
mnf,641.5097 WATERS,"Waters, Alice. http://id.loc.gov/authorities/names/n81136337",Chez Panisse Café cookbook,1000574016,10/31/25,0,1,0,06/03/26,b1218370a
mnf,641.5918 RODEN,"Roden, Claudia, http://id.loc.gov/authorities/names/n50047173 author.",Claudia Roden's Mediterranean : treasured recipes from a lifetime of travel.,1001435410,03/27/26,0,3,0,06/01/26,b2821176a
mnf,641.5929 BUCKLEY,"Buckley, Marti, http://id.loc.gov/authorities/names/no2016053386 author.",Basque country : a culinary journey through a food lover's paradise,1001335166,11/01/25,0,2,0,06/01/26,b2232539a
mnf,641.5929 RAIJ,"Raij, Alex, http://id.loc.gov/authorities/names/n2015067836 author.",The Basque book : a love letter in recipes from the kitchen of Txikito,1001293200,11/25/25,0,2,0,06/01/26,b1565088a
mnf,641.5944 CHILD,"Child, Julia, https://id.loc.gov/authorities/names/n79096956 author.",The French chef cookbook,1001489165,02/24/26,0,2,0,06/01/26,b3461003a
mnf,641.5944 LE GOFF,"Le Goff, Audrey, http://id.loc.gov/authorities/names/no2019158880 author.","Rustic French cooking made easy : authentic, regional flavors from Provence, Brittany, Alsace and beyond",1001371018,04/01/26,0,4,0,06/01/26,b2430022a
mnf,641.5948 HAHNEMANN,"Hahnemann, Trina, http://id.loc.gov/authorities/names/nb2009025902 author.",Scandinavian comfort food : embracing the art of hygge,1001298882,06/03/26,0,1,0,06/03/26,b1572133a
mnf,641.5951 LOPEZ-ALT,"López-Alt, J. Kenji, http://id.loc.gov/authorities/names/n2015027564 author.",The wok : recipes and techniques,1001441596,06/03/26,0,2,0,06/03/26,b3017399a
mnf,641.5951 WEI,"Wei, Clarissa, https://id.loc.gov/authorities/names/no2023107402 author.",Made in Taiwan : recipes and stories from the island nation,1001495926,06/03/26,0,5,0,06/03/26,b3464247a
mnf,641.5952 LIEW,"Liew, Brendan, https://id.loc.gov/authorities/names/ns2018001328 author.",Tokyoup late : iconic recipes from the city that never sleeps,1001467572,06/03/26,0,1,0,06/03/26,b3327647a
mnf,641.5954 JAFFREY,"Jaffrey, Madhur, 1933- https://id.loc.gov/authorities/names/n81066744 author, illustrator.",An invitation to Indian cooking,1001497189,06/03/26,0,1,0,06/03/26,b3464538a
mnf,641.5954 SHANMUGALINGAM,"Shanmugalingam, Cynthia, https://id.loc.gov/authorities/names/no2022136484 author.",Rambutan : recipes from Sri Lanka,1001447355,06/03/26,0,2,0,06/03/26,b3248871a
mnf,641.5954 SHUKLA,"Shukla, Sheil, https://id.loc.gov/authorities/names/n2021065461 author.",Plant-based India : nourishing recipes rooted in tradition,1001454845,06/03/26,0,2,0,06/03/26,b3327623a
mnf,641.5956 ECKHARDT,"Eckhardt, Robyn, http://id.loc.gov/authorities/names/n2017027736 author.",Istanbul & beyond : exploring the diverse cuisines of Turkey,1001323945,06/03/26,0,2,0,06/03/26,b1599864a
mnf,641.5956 EDEN,"Eden, Caroline, author.",Samarkand : recipes and stories from Central Asia and the Caucasus,1001534968,06/03/26,0,1,0,06/03/26,b3478900a
mnf,641.5956 HELOU,"Helou, Anissa, 1952- http://id.loc.gov/authorities/names/n95003942 author.",Feast : food of the Islamic world,1001376022,06/03/26,0,2,0,06/03/26,b2431118a
mnf,641.5956 KHAN,"Khan, Yasmin (Cook), http://id.loc.gov/authorities/names/nb2017010549 author.","Ripe figs : recipes and stories from Turkey, Greece, and Cyprus",1001421247,06/03/26,0,3,0,06/03/26,b2756869a
mnf,641.5958 AYUBI,"Ayubi, Durkhanai, http://id.loc.gov/authorities/names/no2020126775 author.",Parwana : recipes and stories from an Afghan kitchen,1001375868,06/03/26,0,1,1,06/03/26,b2625567a
mnf,641.5959 THOMPSON OVERSIZE,"Thompson, David, 1960- http://id.loc.gov/authorities/names/n2002010312","Thai street food : authentic recipes, vibrant traditions",1001138015,06/03/26,0,2,0,06/03/26,b1399345a
mnf,641.5972 MAISONET,"Maisonet, Illyanna, https://id.loc.gov/authorities/names/n2021068931 author.",Diasporican : a Puerto Rican cookbook,1001451469,06/03/26,0,2,0,06/03/26,b3248851a
mnf,641.5981 CAREGNATO,"Caregnato, Evandro, http://id.loc.gov/authorities/names/n2015054156 author.",Churrasco : grilling the Brazilian way,1001261390,08/09/24,0,1,0,06/03/26,b1558136a
mnf,641.631 BERENS,"Berens, Abra, http://id.loc.gov/authorities/names/n2018028021 author.","Grist : a practical guide to cooking grains, beans, seeds, and legumes : 140+ recipes and 160+ variations",1001438314,10/27/25,0,2,0,06/03/26,b2823819a
mnf,641.631 JULLAPAT,"Jullapat, Roxana, http://id.loc.gov/authorities/names/n2020042921 author.",Mother grains : recipes for the grain revolution,1001429605,12/04/24,0,1,0,06/03/26,b2756841a
mnf,641.815 KING,,The all-purpose baker's companion,1001423400,01/09/26,0,2,0,06/02/26,b2711846a
mnf,641.815 WADE,"Wade, Greg, https://id.loc.gov/authorities/names/n2022012690 author.",Bread head : baking for the road less traveled,1001449884,06/23/26,0,2,0,06/23/26,b3192403a
mnf,641.86 BYRN,"Byrn, Anne https://id.loc.gov/authorities/names/n86116201 https://id.oclc.org/worldcat/entity/E39PCjwxCKPW7P7tkjy7DDWGgX., author.",Baking in the American South : 200 recipes and their untold stories,1001497723,06/23/26,0,2,0,06/23/26,b3466242a
mnf,643.7 CAREY,"Carey, James. http://id.loc.gov/authorities/names/no2016023613",Home maintenance for dummies,1001310597,10/16/25,0,2,0,06/05/26,b1575859a
mnf,648.8 TOHT,"Toht, David. http://id.loc.gov/authorities/names/n84042779",Ortho's all about storage solutions,1000560868,03/26/23,0,1,0,06/20/26,b1210782a
mnf,648.8 ULTIMATE,,"Ultimate organizing solutions : kitchen, bath, closet, garage",1001248935,08/30/25,0,1,0,06/20/26,b1516784a
mnf,648.8 WHOLE,,Whole house storage & organizing.,1001454831,08/30/25,0,1,0,06/20/26,b3295894a
mnf,657 TRACY 2022,"Tracy, John A., http://id.loc.gov/authorities/names/n79089119 author.",Accounting for dummies,1001439749,11/18/25,0,2,0,06/05/26,b3062272a
mnf,709.2 TWOMBLY,"Twombly, Cy, 1928-2011. http://id.loc.gov/authorities/names/n79043986",Cy Twombly : cycles and seasons,1001119589,06/23/26,0,3,0,06/23/26,b1381752a
mnf,709.22 ASAWA,,Ruth Asawa : through line,1001462235,06/23/26,0,4,0,06/23/26,b3463557a
mnf,720.955 STIERLIN,"Stierlin, Henri. http://id.loc.gov/authorities/names/n81127945",Persian art & architecture,1001200230,06/23/26,0,1,0,06/23/26,b1454170a
mnf,738.0951 CHINESE,,Chinese ceramics from the paleolithic period through the Qing Dynasty,1001132646,06/23/26,0,2,0,06/23/26,b1419821a
mnf,745.4492 EAMES NEUHART,"Neuhart, John. http://id.loc.gov/authorities/names/n88247020",Eames design : the work of the office of Charles and Ray Eames,1000339752,06/23/26,0,1,0,06/23/26,b1118750a
mnf,746.432 BLISS,"Bliss, Debbie. http://id.loc.gov/authorities/names/n88110952","Cotton knits for all seasons : 25 projects for babies, children, and adults",1001007910,01/18/23,0,1,0,06/09/26,b1326256a
mnf,746.432 HIATT,"Hiatt, June. http://id.loc.gov/authorities/names/n88117055",The principles of knitting : methods and techniques of hand knitting,1001164681,06/23/26,0,1,0,06/23/26,b1427406a
mnf,746.432 KNITTING,,Knitting school : a complete course.,1000699007,03/04/25,0,1,0,06/09/26,b1281356a
mnf,747 SCHAFER,"Schafer, Gil, III, https://id.loc.gov/authorities/names/no2013009151 author.",Home at last : enduring design for the new American house,1001491984,06/23/26,0,5,0,06/23/26,b3458235a
mnf,747.78 YOUR,,Your dream bathroom : stylish solutions for the home,1000996318,06/06/25,0,1,0,06/20/26,b1470305a
mnf,747.88 MURPHY,"Murphy, Nora, https://id.loc.gov/authorities/names/no98073866 author.",Country house living : celebrating the beauty of life at home,1001451434,06/23/26,0,2,0,06/23/26,b3458745a
mnf,759.13 HOMER SIMPSON,"Simpson, Marc. http://id.loc.gov/authorities/names/n88005871",Winslow Homer : paintings of the Civil War,1000305857,05/26/22,0,1,0,06/20/26,b1108146a
mnf,770.92 CARTIER-BRESSON,"Cartier-Bresson, Henri, 1908-2004. http://id.loc.gov/authorities/names/n50080992",Henri Cartier-Bresson : à propos de Paris,1000625091,01/08/26,0,2,0,06/13/26,b1241885a
mnf,778.92 HEISLER,"Heisler, Gregory, http://id.loc.gov/authorities/names/n97843082 author, photographer.",Gregory Heisler : 50 portraits : stories and techniques from a photographer's photographer,1001228685,06/23/26,0,2,0,06/23/26,b1466474a
mnf,778.9974 ICONS,,Icons of style : a century of fashion photography,1001342684,06/23/26,0,1,0,06/23/26,b1880646a
mnf,779 PENN,"Penn, Irving. http://id.loc.gov/authorities/names/n80086580",Irving Penn : small trades,1001093547,06/23/26,0,2,0,06/23/26,b1397231a
mnf,779.092 WONG,"Wong, Liam, http://id.loc.gov/authorities/names/no2020083506 photographer.",TO:KY:OO,1001361200,06/23/26,0,3,0,06/23/26,b2447751a
mnf,779.2092 LEIBOVITZ,"Leibovitz, Annie, 1949- http://id.loc.gov/authorities/names/n83025141","A photographer's life, 1990-2005",1001035678,06/23/26,0,1,0,06/23/26,b1322030a
mnf,779.4747 ABBOTT,"Yochelson, Bonnie. http://id.loc.gov/authorities/names/n93067408",Berenice Abbott : changing New York,1000566247,06/23/26,0,1,0,06/23/26,b1214856a
mnf,791.4365 JORGENSEN,"Jorgensen, Jay, 1964- http://id.loc.gov/authorities/names/no2015130831 author.",Creating the illusion : a fashionable history of Hollywood costume designers,1001296829,06/23/26,0,1,0,06/23/26,b1523472a
mnf,791.4372 RINZLER,"Rinzler, J. W., http://id.loc.gov/authorities/names/n2004044575 author.",The making of Alien,1001386961,06/23/26,0,2,0,06/23/26,b2351612a
mnf,791.4572 BENNETT,"Bennett, Tara, http://id.loc.gov/authorities/names/no2009134468 author.",Sons of anarchy,1001262332,06/23/26,0,1,0,06/23/26,b1509645a
mnf,792.025 BROCKETT,"Brockett, Oscar G. (Oscar Gross), 1923-2010. http://id.loc.gov/authorities/names/n79088956",Making the scene : a history of stage design and technology in Europe and the United States,1001096788,06/23/26,0,1,0,06/23/26,b1397078a
mnf,792.027 BERGER,"Berger, Howard (Special effects makeup artist), https://id.loc.gov/authorities/names/no2022120596 author.",Masters of make-up effects : a century of practical magic,1001436962,06/23/26,0,1,0,06/23/26,b3249117a
mnf,795.412 TENDLER,"Tendler, Jared. http://id.loc.gov/authorities/names/n2012000398","The mental game of poker : proven strategies for improving tilt control, confidence, motivation, coping with variance, and more",1001360351,01/10/26,0,2,0,06/27/26,b2596144a
mnf,796.812 SHIELDS,"Shields, Brian, http://id.loc.gov/authorities/names/n2006055284 author.",35 years of WrestleMania,1001385362,06/23/26,0,2,0,06/23/26,b2362446a
mnf,797.32 MOORE,"Moore, Carissa, 1992- https://id.loc.gov/authorities/names/no2020117763 author.",Hawai'i gold : a celebration of surfing,1001496987,06/23/26,0,2,0,06/23/26,b3464727a
mnf,839.738 BACKMAN,"Backman, Fredrik, 1981- http://id.loc.gov/authorities/names/n2014023308 author.",Things my son needs to know about the world,1001381655,08/17/25,0,2,0,06/09/26,b2340588a
mnf,843.912 PROUST DE BOTTON,"De Botton, Alain. http://id.loc.gov/authorities/names/n93046808",How Proust can change your life,1001250558,08/22/25,0,1,0,06/24/26,b1304430a
msf,SF BUEHLMAN BLACKTONGUE BK. 1,"Buehlman, Christopher, http://id.loc.gov/authorities/names/n2011011048 author.",The blacktongue thief,1001430999,03/01/26,0,3,0,06/03/26,b2774481a
msf,SF COREY EXPANSE BK. 1,"Corey, James S. A. http://id.loc.gov/authorities/names/n2010072366",Leviathan wakes,1001498578,04/11/26,0,4,1,06/23/26,b1419608a
msf,SF HAIG,"Haig, Matt, 1975- http://id.loc.gov/authorities/names/n2004021970 author.",The midnight library,1001402952,01/24/26,0,4,9,06/09/26,b2743946a
msf,SF HAIG,"Haig, Matt, 1975- http://id.loc.gov/authorities/names/n2004021970 author.",The midnight library,1001422424,04/29/26,0,4,9,06/20/26,b2743946a
msf,SF WELLS MURDERBOT BK. 6,"Wells, Martha, http://id.loc.gov/authorities/names/n93023694 author.",Network effect,1001405139,04/14/26,0,6,2,06/15/26,b2448748a
mss,SS MCCORMICK,"McCormick, Chris, 1987- http://id.loc.gov/authorities/names/n2016000779 author.",Desert boys,1001292277,01/06/26,0,2,0,06/05/26,b1528390a
mss,SS TWAIN,"Twain, Mark, 1835-1910. http://id.loc.gov/authorities/names/n79021164",The mysterious stranger : and other stories,1000036946,10/25/23,0,1,0,06/22/26,b1004106a
mtfic,Y FICTION CAWTHON FIVE NIGHTS BK. 3,"Cawthon, Scott, 1971- https://id.loc.gov/authorities/names/no2016126003 author.",Five nights at Freddy's. The fourth closet,1001442735,08/07/25,0,2,0,06/03/26,b3191160a
mtfic,Y FICTION HOCKING TRYLLE BK. 1,"Hocking, Amanda. http://id.loc.gov/authorities/names/no2010183256",Switched,1001171088,11/01/25,0,2,0,06/13/26,b1430437a
mtfic,Y FICTION HUNTER SHADOW AFTER BK. 1,"Hunter, C. C. http://id.loc.gov/authorities/names/n2010081744",Reborn,1001233948,03/04/25,0,1,0,06/13/26,b1483744a
mtfic,Y FICTION MAAS COURT BK. 1,"Maas, Sarah J., http://id.loc.gov/authorities/names/n2012025986 author.",A court of thorns and roses,,01/29/26,0,4,0,06/27/26,b1510467a
mtfic,Y FICTION MATHER,"Mather, Adriana, http://id.loc.gov/authorities/names/n2015066755 author.",Killing November,1001384290,03/01/25,0,1,0,06/09/26,b2325292a
mtfic,Y FICTION SHUSTERMAN ARC BK. 3,"Shusterman, Neal, http://id.loc.gov/authorities/names/n87891700 author.",The toll,,12/29/25,0,4,1,06/20/26,b2325600a
mtfic,Y FICTION THOMAS,"Thomas, Angie, http://id.loc.gov/authorities/names/no2017020811 author.",On the come up,1001362738,06/23/26,0,1,0,06/23/26,b2152233a
mtfic,Y FICTION ZHAO IRON BK. 2,"Zhao, Xiran Jay, author. https://id.oclc.org/worldcat/entity/E39PBJf8x7R33MwY3Dg43m7WDq",Heavenly tyrant,1001493830,06/23/26,0,2,0,06/23/26,b3456783a
mtgn,Y GN GOTOUGE DEMON V. 1,"Gotōge, Koyoharu, 1988- http://id.loc.gov/authorities/names/no2018090037 author, artist.","Demon slayer. 1, Cruelty",1001416238,01/10/26,0,2,0,06/20/26,b2405195a
mtgn,Y GN MOCHIZUKI PANDORA V. 20,"Mochizuki, Jun, http://id.loc.gov/authorities/names/no2009197657 author, artist.",Pandora hearts. 20,1001241620,09/28/25,0,2,0,06/20/26,b1471688a
mtgn,Y GN NAGATSUKI RE:ZERO-4 V. 6,"Nagatsuki, Tappei, 1987- https://id.loc.gov/authorities/names/no2016101973 author.","Re:ZERO : starting life in another world. Chapter 4, The sanctuary and the witch of greed, 6",1001464140,04/06/26,0,2,0,06/01/26,b3450590a